Register_Number,Department,Program,Program_Full_Name,Program_Level,Year_of_Study,Semester,Academic_Year,Subject,Marks_100,Grade,Attendance_Percent,Result,Subject_Avg_Marks,Marks_vs_SubjectAvg
2449001,Physics,MSc,M.Sc. Physics,PG,2,4,2025-26,Advanced Spectroscopy,52.7,B,90.2,Pass,58.8,-6.1
2449002,Physics,MSc,M.Sc. Physics,PG,2,4,2025-26,Advanced Spectroscopy,62.6,B+,71.9,Pass,58.8,3.8
2449003,Physics,MSc,M.Sc. Physics,PG,2,4,2025-26,Advanced Spectroscopy,53,B,72.6,Pass,58.8,-5.8
2449004,Physics,MSc,M.Sc. Physics,PG,2,4,2025-26,Advanced Spectroscopy,48.6,C,77.7,Pass,58.8,-10.2
2449005,Physics,MSc,M.Sc. Physics,PG,2,4,2025-26,Advanced Spectroscopy,90.6,O,81.5,Pass,58.8,31.8
2449006,Physics,MSc,M.Sc. Physics,PG,2,4,2025-26,Advanced Spectroscopy,26.6,F,73.9,Fail,58.8,-32.2
2449007,Physics,MSc,M.Sc. Physics,PG,2,4,2025-26,Advanced Spectroscopy,55.2,B,70.5,Pass,58.8,-3.6
2449008,Physics,MSc,M.Sc. Physics,PG,2,4,2025-26,Advanced Spectroscopy,33.4,F,88.6,Fail,58.8,-25.4
2449009,Physics,MSc,M.Sc. Physics,PG,2,4,2025-26,Advanced Spectroscopy,90.8,O,80.9,Pass,58.8,32
2449010,Physics,MSc,M.Sc. Physics,PG,2,4,2025-26,Advanced Spectroscopy,31.1,F,86.5,Fail,58.8,-27.7
2449011,Physics,MSc,M.Sc. Physics,PG,2,4,2025-26,Advanced Spectroscopy,66.4,B+,78.1,Pass,58.8,7.6
2449012,Physics,MSc,M.Sc. Physics,PG,2,4,2025-26,Advanced Spectroscopy,80.2,A+,63.6,Pass,58.8,21.4
2449013,Physics,MSc,M.Sc. Physics,PG,2,4,2025-26,Advanced Spectroscopy,50.5,B,81.6,Pass,58.8,-8.3
2449014,Physics,MSc,M.Sc. Physics,PG,2,4,2025-26,Advanced Spectroscopy,58.8,B,72.1,Pass,58.8,0
2449015,Physics,MSc,M.Sc. Physics,PG,2,4,2025-26,Advanced Spectroscopy,95.3,O,85.6,Pass,58.8,36.5
2449016,Physics,MSc,M.Sc. Physics,PG,2,4,2025-26,Advanced Spectroscopy,40.4,C,62.3,Pass,58.8,-18.4
2449017,Physics,MSc,M.Sc. Physics,PG,2,4,2025-26,Advanced Spectroscopy,44.5,C,95.9,Pass,58.8,-14.3
2449018,Physics,MSc,M.Sc. Physics,PG,2,4,2025-26,Advanced Spectroscopy,35.3,F,77.9,Fail,58.8,-23.5
2449019,Physics,MSc,M.Sc. Physics,PG,2,4,2025-26,Advanced Spectroscopy,90.5,O,62.3,Pass,58.8,31.7
2449020,Physics,MSc,M.Sc. Physics,PG,2,4,2025-26,Advanced Spectroscopy,79.6,A,76.9,Pass,58.8,20.8
2449021,Physics,MSc,M.Sc. Physics,PG,2,4,2025-26,Advanced Spectroscopy,46.2,C,66.1,Pass,58.8,-12.6
2449022,Physics,MSc,M.Sc. Physics,PG,2,4,2025-26,Advanced Spectroscopy,68.6,B+,94.7,Pass,58.8,9.8
2449023,Physics,MSc,M.Sc. Physics,PG,2,4,2025-26,Advanced Spectroscopy,40.4,C,74.1,Pass,58.8,-18.4
2449024,Physics,MSc,M.Sc. Physics,PG,2,4,2025-26,Advanced Spectroscopy,38.3,F,98,Fail,58.8,-20.5
2449025,Physics,MSc,M.Sc. Physics,PG,2,4,2025-26,Advanced Spectroscopy,88,A+,73.2,Pass,58.8,29.2
2449026,Physics,MSc,M.Sc. Physics,PG,2,4,2025-26,Advanced Spectroscopy,57.3,B,61.5,Pass,58.8,-1.5
2449027,Physics,MSc,M.Sc. Physics,PG,2,4,2025-26,Advanced Spectroscopy,57.1,B,64.7,Pass,58.8,-1.7
2449028,Physics,MSc,M.Sc. Physics,PG,2,4,2025-26,Advanced Spectroscopy,90.5,O,64.4,Pass,58.8,31.7
2449029,Physics,MSc,M.Sc. Physics,PG,2,4,2025-26,Advanced Spectroscopy,27.2,F,70.6,Fail,58.8,-31.6
2449030,Physics,MSc,M.Sc. Physics,PG,2,4,2025-26,Advanced Spectroscopy,74.9,A,85.5,Pass,58.8,16.1
2449031,Physics,MSc,M.Sc. Physics,PG,2,4,2025-26,Advanced Spectroscopy,54.2,B,76.3,Pass,58.8,-4.6
2449032,Physics,MSc,M.Sc. Physics,PG,2,4,2025-26,Advanced Spectroscopy,53.6,B,96.1,Pass,58.8,-5.2
2449033,Physics,MSc,M.Sc. Physics,PG,2,4,2025-26,Advanced Spectroscopy,50.1,B,95.4,Pass,58.8,-8.7
2449034,Physics,MSc,M.Sc. Physics,PG,2,4,2025-26,Advanced Spectroscopy,95.6,O,93.3,Pass,58.8,36.8
2449035,Physics,MSc,M.Sc. Physics,PG,2,4,2025-26,Advanced Spectroscopy,74,A,75.3,Pass,58.8,15.2
2449036,Physics,MSc,M.Sc. Physics,PG,2,4,2025-26,Advanced Spectroscopy,77.1,A,70.3,Pass,58.8,18.3
2449037,Physics,MSc,M.Sc. Physics,PG,2,4,2025-26,Advanced Spectroscopy,83.3,A+,80.6,Pass,58.8,24.5
2449038,Physics,MSc,M.Sc. Physics,PG,2,4,2025-26,Advanced Spectroscopy,30.9,F,92.3,Fail,58.8,-27.9
2449039,Physics,MSc,M.Sc. Physics,PG,2,4,2025-26,Advanced Spectroscopy,82.6,A+,69.8,Pass,58.8,23.8
2449040,Physics,MSc,M.Sc. Physics,PG,2,4,2025-26,Advanced Spectroscopy,82.3,A+,87.1,Pass,58.8,23.5
2449041,Physics,MSc,M.Sc. Physics,PG,2,4,2025-26,Advanced Spectroscopy,19.8,F,69.3,Fail,58.8,-39
2449042,Physics,MSc,M.Sc. Physics,PG,2,4,2025-26,Advanced Spectroscopy,34.2,F,72.6,Fail,58.8,-24.6
2449043,Physics,MSc,M.Sc. Physics,PG,2,4,2025-26,Advanced Spectroscopy,53,B,84.1,Pass,58.8,-5.8
2449044,Physics,MSc,M.Sc. Physics,PG,2,4,2025-26,Advanced Spectroscopy,90.9,O,73.7,Pass,58.8,32.1
2449045,Physics,MSc,M.Sc. Physics,PG,2,4,2025-26,Advanced Spectroscopy,52.7,B,72.8,Pass,58.8,-6.1
2449046,Physics,MSc,M.Sc. Physics,PG,2,4,2025-26,Advanced Spectroscopy,56.2,B,78,Pass,58.8,-2.6
2449047,Physics,MSc,M.Sc. Physics,PG,2,4,2025-26,Advanced Spectroscopy,31.3,F,92.2,Fail,58.8,-27.5
2449048,Physics,MSc,M.Sc. Physics,PG,2,4,2025-26,Advanced Spectroscopy,34.9,F,68.6,Fail,58.8,-23.9
2449049,Physics,MSc,M.Sc. Physics,PG,2,4,2025-26,Advanced Spectroscopy,56.4,B,87.7,Pass,58.8,-2.4
2449050,Physics,MSc,M.Sc. Physics,PG,2,4,2025-26,Advanced Spectroscopy,46.7,C,73,Pass,58.8,-12.1
2449051,Physics,MSc,M.Sc. Physics,PG,2,4,2025-26,Advanced Spectroscopy,86.9,A+,79.9,Pass,58.8,28.1
2449052,Physics,MSc,M.Sc. Physics,PG,2,4,2025-26,Advanced Spectroscopy,67.7,B+,74.6,Pass,58.8,8.9
2449053,Physics,MSc,M.Sc. Physics,PG,2,4,2025-26,Advanced Spectroscopy,55.8,B,62,Pass,58.8,-3
2449054,Physics,MSc,M.Sc. Physics,PG,2,4,2025-26,Advanced Spectroscopy,58.9,B,87.7,Pass,58.8,0.1
2449055,Physics,MSc,M.Sc. Physics,PG,2,4,2025-26,Advanced Spectroscopy,32.9,F,84.9,Fail,58.8,-25.9
2548001,Physics,PMa,B.Sc. Physics & Mathematics,UG,1,2,2025-26,Calculus II,58.7,B,79,Pass,59.4,-0.7
2548002,Physics,PMa,B.Sc. Physics & Mathematics,UG,1,2,2025-26,Calculus II,36.2,F,60.1,Fail,59.4,-23.2
2548003,Physics,PMa,B.Sc. Physics & Mathematics,UG,1,2,2025-26,Calculus II,52.5,B,75.3,Pass,59.4,-6.9
2548004,Physics,PMa,B.Sc. Physics & Mathematics,UG,1,2,2025-26,Calculus II,62.7,B+,96.5,Pass,59.4,3.3
2548005,Physics,PMa,B.Sc. Physics & Mathematics,UG,1,2,2025-26,Calculus II,65.3,B+,84.6,Pass,59.4,5.9
2548006,Physics,PMa,B.Sc. Physics & Mathematics,UG,1,2,2025-26,Calculus II,36.7,F,85.1,Fail,59.4,-22.7
2548007,Physics,PMa,B.Sc. Physics & Mathematics,UG,1,2,2025-26,Calculus II,65.9,B+,70.1,Pass,59.4,6.5
2548008,Physics,PMa,B.Sc. Physics & Mathematics,UG,1,2,2025-26,Calculus II,95.8,O,79.4,Pass,59.4,36.4
2548009,Physics,PMa,B.Sc. Physics & Mathematics,UG,1,2,2025-26,Calculus II,66.7,B+,63.6,Pass,59.4,7.3
2548010,Physics,PMa,B.Sc. Physics & Mathematics,UG,1,2,2025-26,Calculus II,93.8,O,74.7,Pass,59.4,34.4
2548011,Physics,PMa,B.Sc. Physics & Mathematics,UG,1,2,2025-26,Calculus II,58.3,B,90.2,Pass,59.4,-1.1
2548012,Physics,PMa,B.Sc. Physics & Mathematics,UG,1,2,2025-26,Calculus II,28,F,94.9,Fail,59.4,-31.4
2548013,Physics,PMa,B.Sc. Physics & Mathematics,UG,1,2,2025-26,Calculus II,63.5,B+,69.7,Pass,59.4,4.1
2548014,Physics,PMa,B.Sc. Physics & Mathematics,UG,1,2,2025-26,Calculus II,43.8,C,77.8,Pass,59.4,-15.6
2548015,Physics,PMa,B.Sc. Physics & Mathematics,UG,1,2,2025-26,Calculus II,32.8,F,84.8,Fail,59.4,-26.6
2548016,Physics,PMa,B.Sc. Physics & Mathematics,UG,1,2,2025-26,Calculus II,93.2,O,60.4,Pass,59.4,33.8
2548017,Physics,PMa,B.Sc. Physics & Mathematics,UG,1,2,2025-26,Calculus II,29.5,F,97.5,Fail,59.4,-29.9
2548018,Physics,PMa,B.Sc. Physics & Mathematics,UG,1,2,2025-26,Calculus II,56.6,B,96.1,Pass,59.4,-2.8
2548019,Physics,PMa,B.Sc. Physics & Mathematics,UG,1,2,2025-26,Calculus II,83.8,A+,68,Pass,59.4,24.4
2548020,Physics,PMa,B.Sc. Physics & Mathematics,UG,1,2,2025-26,Calculus II,56.4,B,79.3,Pass,59.4,-3
2548021,Physics,PMa,B.Sc. Physics & Mathematics,UG,1,2,2025-26,Calculus II,54.7,B,98,Pass,59.4,-4.7
2548022,Physics,PMa,B.Sc. Physics & Mathematics,UG,1,2,2025-26,Calculus II,30.9,F,63.6,Fail,59.4,-28.5
2548023,Physics,PMa,B.Sc. Physics & Mathematics,UG,1,2,2025-26,Calculus II,93,O,60.1,Pass,59.4,33.6
2548024,Physics,PMa,B.Sc. Physics & Mathematics,UG,1,2,2025-26,Calculus II,53.3,B,92.1,Pass,59.4,-6.1
2548025,Physics,PMa,B.Sc. Physics & Mathematics,UG,1,2,2025-26,Calculus II,32.3,F,91.7,Fail,59.4,-27.1
2548026,Physics,PMa,B.Sc. Physics & Mathematics,UG,1,2,2025-26,Calculus II,45.8,C,70.6,Pass,59.4,-13.6
2548027,Physics,PMa,B.Sc. Physics & Mathematics,UG,1,2,2025-26,Calculus II,29.6,F,95.7,Fail,59.4,-29.8
2548028,Physics,PMa,B.Sc. Physics & Mathematics,UG,1,2,2025-26,Calculus II,91.1,O,69.8,Pass,59.4,31.7
2548029,Physics,PMa,B.Sc. Physics & Mathematics,UG,1,2,2025-26,Calculus II,52.6,B,83.7,Pass,59.4,-6.8
2548030,Physics,PMa,B.Sc. Physics & Mathematics,UG,1,2,2025-26,Calculus II,50.2,B,62.5,Pass,59.4,-9.2
2548031,Physics,PMa,B.Sc. Physics & Mathematics,UG,1,2,2025-26,Calculus II,58.4,B,63.8,Pass,59.4,-1
2548032,Physics,PMa,B.Sc. Physics & Mathematics,UG,1,2,2025-26,Calculus II,85.2,A+,93,Pass,59.4,25.8
2548033,Physics,PMa,B.Sc. Physics & Mathematics,UG,1,2,2025-26,Calculus II,88.1,A+,69.6,Pass,59.4,28.7
2548034,Physics,PMa,B.Sc. Physics & Mathematics,UG,1,2,2025-26,Calculus II,95.4,O,69,Pass,59.4,36
2548035,Physics,PMa,B.Sc. Physics & Mathematics,UG,1,2,2025-26,Calculus II,40.9,C,61.6,Pass,59.4,-18.5
2548036,Physics,PMa,B.Sc. Physics & Mathematics,UG,1,2,2025-26,Calculus II,92.3,O,77.5,Pass,59.4,32.9
2548037,Physics,PMa,B.Sc. Physics & Mathematics,UG,1,2,2025-26,Calculus II,68.8,B+,65.5,Pass,59.4,9.4
2548038,Physics,PMa,B.Sc. Physics & Mathematics,UG,1,2,2025-26,Calculus II,17.4,F,72.2,Fail,59.4,-42
2548039,Physics,PMa,B.Sc. Physics & Mathematics,UG,1,2,2025-26,Calculus II,47.3,C,66.4,Pass,59.4,-12.1
2548040,Physics,PMa,B.Sc. Physics & Mathematics,UG,1,2,2025-26,Calculus II,52.7,B,76.2,Pass,59.4,-6.7
2548041,Physics,PMa,B.Sc. Physics & Mathematics,UG,1,2,2025-26,Calculus II,88,A+,76.5,Pass,59.4,28.6
2548042,Physics,PMa,B.Sc. Physics & Mathematics,UG,1,2,2025-26,Calculus II,62.3,B+,63.5,Pass,59.4,2.9
2548043,Physics,PMa,B.Sc. Physics & Mathematics,UG,1,2,2025-26,Calculus II,41.4,C,79.1,Pass,59.4,-18
2548044,Physics,PMa,B.Sc. Physics & Mathematics,UG,1,2,2025-26,Calculus II,84.1,A+,75.1,Pass,59.4,24.7
2548045,Physics,PMa,B.Sc. Physics & Mathematics,UG,1,2,2025-26,Calculus II,55.2,B,92.3,Pass,59.4,-4.2
2548046,Physics,PMa,B.Sc. Physics & Mathematics,UG,1,2,2025-26,Calculus II,35.1,F,95,Fail,59.4,-24.3
2548047,Physics,PMa,B.Sc. Physics & Mathematics,UG,1,2,2025-26,Calculus II,57,B,71.9,Pass,59.4,-2.4
2548048,Physics,PMa,B.Sc. Physics & Mathematics,UG,1,2,2025-26,Calculus II,81,A+,79.1,Pass,59.4,21.6
2548049,Physics,PMa,B.Sc. Physics & Mathematics,UG,1,2,2025-26,Calculus II,30.3,F,76.8,Fail,59.4,-29.1
2548050,Physics,PMa,B.Sc. Physics & Mathematics,UG,1,2,2025-26,Calculus II,92.7,O,62.1,Pass,59.4,33.3
2548051,Physics,PMa,B.Sc. Physics & Mathematics,UG,1,2,2025-26,Calculus II,93.1,O,67.6,Pass,59.4,33.7
2548052,Physics,PMa,B.Sc. Physics & Mathematics,UG,1,2,2025-26,Calculus II,46.7,C,89.5,Pass,59.4,-12.7
2548053,Physics,PMa,B.Sc. Physics & Mathematics,UG,1,2,2025-26,Calculus II,30.5,F,70.3,Fail,59.4,-28.9
2548054,Physics,PMa,B.Sc. Physics & Mathematics,UG,1,2,2025-26,Calculus II,64.1,B+,66.6,Pass,59.4,4.7
2548055,Physics,PMa,B.Sc. Physics & Mathematics,UG,1,2,2025-26,Calculus II,70.8,A,94.4,Pass,59.4,11.4
2548056,Physics,PMa,B.Sc. Physics & Mathematics,UG,1,2,2025-26,Calculus II,40,C,74,Pass,59.4,-19.4
2548057,Physics,PMa,B.Sc. Physics & Mathematics,UG,1,2,2025-26,Calculus II,63.5,F,98.4,Fail,59.4,4.1
2548058,Physics,PMa,B.Sc. Physics & Mathematics,UG,1,2,2025-26,Calculus II,15.1,F,94.9,Fail,59.4,-44.3
2548059,Physics,PMa,B.Sc. Physics & Mathematics,UG,1,2,2025-26,Calculus II,70.4,A,82.8,Pass,59.4,11
2548060,Physics,PMa,B.Sc. Physics & Mathematics,UG,1,2,2025-26,Calculus II,81.2,A+,63.7,Pass,59.4,21.8
2348001,Physics,PMa,B.Sc. Physics & Mathematics,UG,3,6,2025-26,Complex Analysis,75.8,A,82.1,Pass,62.8,13
2348002,Physics,PMa,B.Sc. Physics & Mathematics,UG,3,6,2025-26,Complex Analysis,88.4,A+,83.4,Pass,62.8,25.6
2348003,Physics,PMa,B.Sc. Physics & Mathematics,UG,3,6,2025-26,Complex Analysis,56.7,B,71,Pass,62.8,-6.1
2348004,Physics,PMa,B.Sc. Physics & Mathematics,UG,3,6,2025-26,Complex Analysis,46.6,C,91.7,Pass,62.8,-16.2
2348005,Physics,PMa,B.Sc. Physics & Mathematics,UG,3,6,2025-26,Complex Analysis,41.6,C,63.3,Pass,62.8,-21.2
2348006,Physics,PMa,B.Sc. Physics & Mathematics,UG,3,6,2025-26,Complex Analysis,79.1,A,78.1,Pass,62.8,16.3
2348007,Physics,PMa,B.Sc. Physics & Mathematics,UG,3,6,2025-26,Complex Analysis,88.2,A+,69.1,Pass,62.8,25.4
2348008,Physics,PMa,B.Sc. Physics & Mathematics,UG,3,6,2025-26,Complex Analysis,66.4,B+,67,Pass,62.8,3.6
2348009,Physics,PMa,B.Sc. Physics & Mathematics,UG,3,6,2025-26,Complex Analysis,81.5,A+,74.6,Pass,62.8,18.7
2348010,Physics,PMa,B.Sc. Physics & Mathematics,UG,3,6,2025-26,Complex Analysis,66.6,B+,98.6,Pass,62.8,3.8
2348011,Physics,PMa,B.Sc. Physics & Mathematics,UG,3,6,2025-26,Complex Analysis,30.6,F,91.9,Fail,62.8,-32.2
2348012,Physics,PMa,B.Sc. Physics & Mathematics,UG,3,6,2025-26,Complex Analysis,29.4,F,94,Fail,62.8,-33.4
2348013,Physics,PMa,B.Sc. Physics & Mathematics,UG,3,6,2025-26,Complex Analysis,73.5,A,82,Pass,62.8,10.7
2348014,Physics,PMa,B.Sc. Physics & Mathematics,UG,3,6,2025-26,Complex Analysis,51.9,B,68.6,Pass,62.8,-10.9
2348015,Physics,PMa,B.Sc. Physics & Mathematics,UG,3,6,2025-26,Complex Analysis,31.8,F,87.7,Fail,62.8,-31
2348016,Physics,PMa,B.Sc. Physics & Mathematics,UG,3,6,2025-26,Complex Analysis,50,B,83.1,Pass,62.8,-12.8
2348017,Physics,PMa,B.Sc. Physics & Mathematics,UG,3,6,2025-26,Complex Analysis,37.3,F,65.6,Fail,62.8,-25.5
2348018,Physics,PMa,B.Sc. Physics & Mathematics,UG,3,6,2025-26,Complex Analysis,91.2,O,65.5,Pass,62.8,28.4
2348019,Physics,PMa,B.Sc. Physics & Mathematics,UG,3,6,2025-26,Complex Analysis,32.1,F,78.6,Fail,62.8,-30.7
2348020,Physics,PMa,B.Sc. Physics & Mathematics,UG,3,6,2025-26,Complex Analysis,85.1,A+,76.1,Pass,62.8,22.3
2348021,Physics,PMa,B.Sc. Physics & Mathematics,UG,3,6,2025-26,Complex Analysis,73.4,A,64.5,Pass,62.8,10.6
2348022,Physics,PMa,B.Sc. Physics & Mathematics,UG,3,6,2025-26,Complex Analysis,90.9,O,74.2,Pass,62.8,28.1
2348023,Physics,PMa,B.Sc. Physics & Mathematics,UG,3,6,2025-26,Complex Analysis,51.2,B,71.4,Pass,62.8,-11.6
2348024,Physics,PMa,B.Sc. Physics & Mathematics,UG,3,6,2025-26,Complex Analysis,52.7,B+,77,Pass,62.8,-10.1
2348025,Physics,PMa,B.Sc. Physics & Mathematics,UG,3,6,2025-26,Complex Analysis,61.7,B+,63.1,Pass,62.8,-1.1
2348026,Physics,PMa,B.Sc. Physics & Mathematics,UG,3,6,2025-26,Complex Analysis,55.8,B,82.7,Pass,62.8,-7
2348027,Physics,PMa,B.Sc. Physics & Mathematics,UG,3,6,2025-26,Complex Analysis,60.4,B+,93.7,Pass,62.8,-2.4
2348028,Physics,PMa,B.Sc. Physics & Mathematics,UG,3,6,2025-26,Complex Analysis,28.3,F,66.4,Fail,62.8,-34.5
2348029,Physics,PMa,B.Sc. Physics & Mathematics,UG,3,6,2025-26,Complex Analysis,76.4,A,91.8,Pass,62.8,13.6
2348030,Physics,PMa,B.Sc. Physics & Mathematics,UG,3,6,2025-26,Complex Analysis,29.4,F,80,Fail,62.8,-33.4
2348031,Physics,PMa,B.Sc. Physics & Mathematics,UG,3,6,2025-26,Complex Analysis,75.5,A,91.9,Pass,62.8,12.7
2348032,Physics,PMa,B.Sc. Physics & Mathematics,UG,3,6,2025-26,Complex Analysis,18,F,87.4,Fail,62.8,-44.8
2348033,Physics,PMa,B.Sc. Physics & Mathematics,UG,3,6,2025-26,Complex Analysis,86.6,A+,75.8,Pass,62.8,23.8
2348034,Physics,PMa,B.Sc. Physics & Mathematics,UG,3,6,2025-26,Complex Analysis,85.1,A+,96.6,Pass,62.8,22.3
2348035,Physics,PMa,B.Sc. Physics & Mathematics,UG,3,6,2025-26,Complex Analysis,94.7,O,69.4,Pass,62.8,31.9
2348036,Physics,PMa,B.Sc. Physics & Mathematics,UG,3,6,2025-26,Complex Analysis,56.7,B,97.4,Pass,62.8,-6.1
2348037,Physics,PMa,B.Sc. Physics & Mathematics,UG,3,6,2025-26,Complex Analysis,93.9,O,79.7,Pass,62.8,31.1
2348038,Physics,PMa,B.Sc. Physics & Mathematics,UG,3,6,2025-26,Complex Analysis,46.1,C,94.5,Pass,62.8,-16.7
2348039,Physics,PMa,B.Sc. Physics & Mathematics,UG,3,6,2025-26,Complex Analysis,92.7,O,69.8,Pass,62.8,29.9
2348040,Physics,PMa,B.Sc. Physics & Mathematics,UG,3,6,2025-26,Complex Analysis,59.7,B,97.3,Pass,62.8,-3.1
2348041,Physics,PMa,B.Sc. Physics & Mathematics,UG,3,6,2025-26,Complex Analysis,34,F,77.5,Fail,62.8,-28.8
2348042,Physics,PMa,B.Sc. Physics & Mathematics,UG,3,6,2025-26,Complex Analysis,65.3,B+,67.8,Pass,62.8,2.5
2348043,Physics,PMa,B.Sc. Physics & Mathematics,UG,3,6,2025-26,Complex Analysis,28.8,F,80,Fail,62.8,-34
2348044,Physics,PMa,B.Sc. Physics & Mathematics,UG,3,6,2025-26,Complex Analysis,80.5,A+,71.1,Pass,62.8,17.7
2348045,Physics,PMa,B.Sc. Physics & Mathematics,UG,3,6,2025-26,Complex Analysis,43.3,C,77.2,Pass,62.8,-19.5
2348046,Physics,PMa,B.Sc. Physics & Mathematics,UG,3,6,2025-26,Complex Analysis,83.8,A+,86.3,Pass,62.8,21
2348047,Physics,PMa,B.Sc. Physics & Mathematics,UG,3,6,2025-26,Complex Analysis,36.7,F,90.6,Fail,62.8,-26.1
2348048,Physics,PMa,B.Sc. Physics & Mathematics,UG,3,6,2025-26,Complex Analysis,81.3,A+,97.5,Pass,62.8,18.5
2348049,Physics,PMa,B.Sc. Physics & Mathematics,UG,3,6,2025-26,Complex Analysis,65.8,B+,88.2,Pass,62.8,3
2348050,Physics,PMa,B.Sc. Physics & Mathematics,UG,3,6,2025-26,Complex Analysis,37.9,F,77.3,Fail,62.8,-24.9
2348051,Physics,PMa,B.Sc. Physics & Mathematics,UG,3,6,2025-26,Complex Analysis,41.9,C,92.9,Pass,62.8,-20.9
2348052,Physics,PMa,B.Sc. Physics & Mathematics,UG,3,6,2025-26,Complex Analysis,95.9,O,95.9,Pass,62.8,33.1
2348053,Physics,PMa,B.Sc. Physics & Mathematics,UG,3,6,2025-26,Complex Analysis,74,A,83.2,Pass,62.8,11.2
2348054,Physics,PMa,B.Sc. Physics & Mathematics,UG,3,6,2025-26,Complex Analysis,61.1,B+,82.4,Pass,62.8,-1.7
2348055,Physics,PMa,B.Sc. Physics & Mathematics,UG,3,6,2025-26,Complex Analysis,94.5,O,91.8,Pass,62.8,31.7
2348056,Physics,PMa,B.Sc. Physics & Mathematics,UG,3,6,2025-26,Complex Analysis,56.6,B,92,Pass,62.8,-6.2
2348057,Physics,PMa,B.Sc. Physics & Mathematics,UG,3,6,2025-26,Complex Analysis,52,B,67.1,Pass,62.8,-10.8
2348058,Physics,PMa,B.Sc. Physics & Mathematics,UG,3,6,2025-26,Complex Analysis,85.3,A+,86.9,Pass,62.8,22.5
2348059,Physics,PMa,B.Sc. Physics & Mathematics,UG,3,6,2025-26,Complex Analysis,95.8,O,70.4,Pass,62.8,33
2549001,Physics,MSc,M.Sc. Physics,PG,1,2,2025-26,Condensed Matter Physics,33.5,F,64.2,Fail,58.2,-24.7
2549002,Physics,MSc,M.Sc. Physics,PG,1,2,2025-26,Condensed Matter Physics,67.6,B+,72.6,Pass,58.2,9.4
2549003,Physics,MSc,M.Sc. Physics,PG,1,2,2025-26,Condensed Matter Physics,37.3,F,77.5,Fail,58.2,-20.9
2549004,Physics,MSc,M.Sc. Physics,PG,1,2,2025-26,Condensed Matter Physics,61.7,B+,93.3,Pass,58.2,3.5
2549005,Physics,MSc,M.Sc. Physics,PG,1,2,2025-26,Condensed Matter Physics,81.9,A+,69.5,Pass,58.2,23.7
2549006,Physics,MSc,M.Sc. Physics,PG,1,2,2025-26,Condensed Matter Physics,64.3,B+,66.8,Pass,58.2,6.1
2549007,Physics,MSc,M.Sc. Physics,PG,1,2,2025-26,Condensed Matter Physics,47.3,C,75.7,Pass,58.2,-10.9
2549008,Physics,MSc,M.Sc. Physics,PG,1,2,2025-26,Condensed Matter Physics,84.8,A+,61.4,Pass,58.2,26.6
2549009,Physics,MSc,M.Sc. Physics,PG,1,2,2025-26,Condensed Matter Physics,93.2,O,77.3,Pass,58.2,35
2549010,Physics,MSc,M.Sc. Physics,PG,1,2,2025-26,Condensed Matter Physics,89.2,A+,97.1,Pass,58.2,31
2549011,Physics,MSc,M.Sc. Physics,PG,1,2,2025-26,Condensed Matter Physics,64.9,B+,74.4,Pass,58.2,6.7
2549012,Physics,MSc,M.Sc. Physics,PG,1,2,2025-26,Condensed Matter Physics,40,C,90.1,Pass,58.2,-18.2
2549013,Physics,MSc,M.Sc. Physics,PG,1,2,2025-26,Condensed Matter Physics,32.5,F,72.5,Fail,58.2,-25.7
2549014,Physics,MSc,M.Sc. Physics,PG,1,2,2025-26,Condensed Matter Physics,88,A+,68.8,Pass,58.2,29.8
2549015,Physics,MSc,M.Sc. Physics,PG,1,2,2025-26,Condensed Matter Physics,75.5,A,65.2,Pass,58.2,17.3
2549016,Physics,MSc,M.Sc. Physics,PG,1,2,2025-26,Condensed Matter Physics,16,F,93,Fail,58.2,-42.2
2549017,Physics,MSc,M.Sc. Physics,PG,1,2,2025-26,Condensed Matter Physics,85.1,A+,66.3,Pass,58.2,26.9
2549018,Physics,MSc,M.Sc. Physics,PG,1,2,2025-26,Condensed Matter Physics,80.8,A+,87.9,Pass,58.2,22.6
2549019,Physics,MSc,M.Sc. Physics,PG,1,2,2025-26,Condensed Matter Physics,42.3,C,61.7,Pass,58.2,-15.9
2549020,Physics,MSc,M.Sc. Physics,PG,1,2,2025-26,Condensed Matter Physics,34.1,F,89.2,Fail,58.2,-24.1
2549021,Physics,MSc,M.Sc. Physics,PG,1,2,2025-26,Condensed Matter Physics,31.7,F,76.5,Fail,58.2,-26.5
2549022,Physics,MSc,M.Sc. Physics,PG,1,2,2025-26,Condensed Matter Physics,82.8,A+,76.7,Pass,58.2,24.6
2549023,Physics,MSc,M.Sc. Physics,PG,1,2,2025-26,Condensed Matter Physics,56,B,81.3,Pass,58.2,-2.2
2549024,Physics,MSc,M.Sc. Physics,PG,1,2,2025-26,Condensed Matter Physics,58.3,B,72.1,Pass,58.2,0.1
2549025,Physics,MSc,M.Sc. Physics,PG,1,2,2025-26,Condensed Matter Physics,65.3,B+,73.7,Pass,58.2,7.1
2549026,Physics,MSc,M.Sc. Physics,PG,1,2,2025-26,Condensed Matter Physics,47.7,C,66.6,Pass,58.2,-10.5
2549027,Physics,MSc,M.Sc. Physics,PG,1,2,2025-26,Condensed Matter Physics,50.1,B,68.1,Pass,58.2,-8.1
2549028,Physics,MSc,M.Sc. Physics,PG,1,2,2025-26,Condensed Matter Physics,94.7,O,74.2,Pass,58.2,36.5
2549029,Physics,MSc,M.Sc. Physics,PG,1,2,2025-26,Condensed Matter Physics,71.8,A,64.2,Pass,58.2,13.6
2549030,Physics,MSc,M.Sc. Physics,PG,1,2,2025-26,Condensed Matter Physics,85.1,A+,96.5,Pass,58.2,26.9
2549031,Physics,MSc,M.Sc. Physics,PG,1,2,2025-26,Condensed Matter Physics,78.5,A,67.2,Pass,58.2,20.3
2549032,Physics,MSc,M.Sc. Physics,PG,1,2,2025-26,Condensed Matter Physics,28.6,F,67.2,Fail,58.2,-29.6
2549033,Physics,MSc,M.Sc. Physics,PG,1,2,2025-26,Condensed Matter Physics,38.7,F,84.5,Fail,58.2,-19.5
2549034,Physics,MSc,M.Sc. Physics,PG,1,2,2025-26,Condensed Matter Physics,30.7,F,82.7,Fail,58.2,-27.5
2549035,Physics,MSc,M.Sc. Physics,PG,1,2,2025-26,Condensed Matter Physics,73,A,67.4,Pass,58.2,14.8
2549036,Physics,MSc,M.Sc. Physics,PG,1,2,2025-26,Condensed Matter Physics,48.1,C,76.4,Pass,58.2,-10.1
2549037,Physics,MSc,M.Sc. Physics,PG,1,2,2025-26,Condensed Matter Physics,89.8,A+,82,Pass,58.2,31.6
2549038,Physics,MSc,M.Sc. Physics,PG,1,2,2025-26,Condensed Matter Physics,66.8,B+,98,Pass,58.2,8.6
2549039,Physics,MSc,M.Sc. Physics,PG,1,2,2025-26,Condensed Matter Physics,74.2,A,78.7,Pass,58.2,16
2549040,Physics,MSc,M.Sc. Physics,PG,1,2,2025-26,Condensed Matter Physics,55,B,63.3,Pass,58.2,-3.2
2549041,Physics,MSc,M.Sc. Physics,PG,1,2,2025-26,Condensed Matter Physics,64.1,B+,67,Pass,58.2,5.9
2549042,Physics,MSc,M.Sc. Physics,PG,1,2,2025-26,Condensed Matter Physics,33.5,F,79.1,Fail,58.2,-24.7
2549043,Physics,MSc,M.Sc. Physics,PG,1,2,2025-26,Condensed Matter Physics,95.4,O,62.9,Pass,58.2,37.2
2549044,Physics,MSc,M.Sc. Physics,PG,1,2,2025-26,Condensed Matter Physics,37.3,F,64,Fail,58.2,-20.9
2549045,Physics,MSc,M.Sc. Physics,PG,1,2,2025-26,Condensed Matter Physics,33.5,A,62.2,Pass,58.2,-24.7
2549046,Physics,MSc,M.Sc. Physics,PG,1,2,2025-26,Condensed Matter Physics,78.7,A,94.7,Pass,58.2,20.5
2549047,Physics,MSc,M.Sc. Physics,PG,1,2,2025-26,Condensed Matter Physics,29.5,F,89.8,Fail,58.2,-28.7
2549048,Physics,MSc,M.Sc. Physics,PG,1,2,2025-26,Condensed Matter Physics,41.1,C,63.9,Pass,58.2,-17.1
2549049,Physics,MSc,M.Sc. Physics,PG,1,2,2025-26,Condensed Matter Physics,65.7,B+,92.7,Pass,58.2,7.5
2549050,Physics,MSc,M.Sc. Physics,PG,1,2,2025-26,Condensed Matter Physics,23.2,F,86.8,Fail,58.2,-35
2549051,Physics,MSc,M.Sc. Physics,PG,1,2,2025-26,Condensed Matter Physics,54.7,B,65.9,Pass,58.2,-3.5
2549052,Physics,MSc,M.Sc. Physics,PG,1,2,2025-26,Condensed Matter Physics,42.7,C,66.2,Pass,58.2,-15.5
2549053,Physics,MSc,M.Sc. Physics,PG,1,2,2025-26,Condensed Matter Physics,28.9,F,83,Fail,58.2,-29.3
2549054,Physics,MSc,M.Sc. Physics,PG,1,2,2025-26,Condensed Matter Physics,46.6,C,73,Pass,58.2,-11.6
2549055,Physics,MSc,M.Sc. Physics,PG,1,2,2025-26,Condensed Matter Physics,80.4,A+,70.2,Pass,58.2,22.2
2448001,Physics,PMa,B.Sc. Physics & Mathematics,UG,2,4,2025-26,Differential Equations,77.9,A,85.2,Pass,60.8,17.1
2448002,Physics,PMa,B.Sc. Physics & Mathematics,UG,2,4,2025-26,Differential Equations,92,O,62.3,Pass,60.8,31.2
2448003,Physics,PMa,B.Sc. Physics & Mathematics,UG,2,4,2025-26,Differential Equations,36.3,F,91.7,Fail,60.8,-24.5
2448004,Physics,PMa,B.Sc. Physics & Mathematics,UG,2,4,2025-26,Differential Equations,58.8,B,89.1,Pass,60.8,-2
2448005,Physics,PMa,B.Sc. Physics & Mathematics,UG,2,4,2025-26,Differential Equations,76.4,A,89.2,Pass,60.8,15.6
2448006,Physics,PMa,B.Sc. Physics & Mathematics,UG,2,4,2025-26,Differential Equations,42.8,C,70.3,Pass,60.8,-18
2448007,Physics,PMa,B.Sc. Physics & Mathematics,UG,2,4,2025-26,Differential Equations,87.9,A+,96.8,Pass,60.8,27.1
2448008,Physics,PMa,B.Sc. Physics & Mathematics,UG,2,4,2025-26,Differential Equations,85.1,A+,85.9,Pass,60.8,24.3
2448009,Physics,PMa,B.Sc. Physics & Mathematics,UG,2,4,2025-26,Differential Equations,33.3,F,72,Fail,60.8,-27.5
2448010,Physics,PMa,B.Sc. Physics & Mathematics,UG,2,4,2025-26,Differential Equations,71.1,A,65.5,Pass,60.8,10.3
2448011,Physics,PMa,B.Sc. Physics & Mathematics,UG,2,4,2025-26,Differential Equations,90.2,O,92,Pass,60.8,29.4
2448012,Physics,PMa,B.Sc. Physics & Mathematics,UG,2,4,2025-26,Differential Equations,70.9,A,91.7,Pass,60.8,10.1
2448013,Physics,PMa,B.Sc. Physics & Mathematics,UG,2,4,2025-26,Differential Equations,47.2,C,72.4,Pass,60.8,-13.6
2448014,Physics,PMa,B.Sc. Physics & Mathematics,UG,2,4,2025-26,Differential Equations,57.7,B,93.2,Pass,60.8,-3.1
2448015,Physics,PMa,B.Sc. Physics & Mathematics,UG,2,4,2025-26,Differential Equations,19.8,F,93.6,Fail,60.8,-41
2448016,Physics,PMa,B.Sc. Physics & Mathematics,UG,2,4,2025-26,Differential Equations,61.6,B+,79.2,Pass,60.8,0.8
2448017,Physics,PMa,B.Sc. Physics & Mathematics,UG,2,4,2025-26,Differential Equations,35.5,F,68.4,Fail,60.8,-25.3
2448018,Physics,PMa,B.Sc. Physics & Mathematics,UG,2,4,2025-26,Differential Equations,54.8,B,84.5,Pass,60.8,-6
2448019,Physics,PMa,B.Sc. Physics & Mathematics,UG,2,4,2025-26,Differential Equations,53.8,B,70.3,Pass,60.8,-7
2448020,Physics,PMa,B.Sc. Physics & Mathematics,UG,2,4,2025-26,Differential Equations,50.2,B,89.4,Pass,60.8,-10.6
2448021,Physics,PMa,B.Sc. Physics & Mathematics,UG,2,4,2025-26,Differential Equations,36.6,F,77.1,Fail,60.8,-24.2
2448022,Physics,PMa,B.Sc. Physics & Mathematics,UG,2,4,2025-26,Differential Equations,38.6,F,87.4,Fail,60.8,-22.2
2448023,Physics,PMa,B.Sc. Physics & Mathematics,UG,2,4,2025-26,Differential Equations,34.9,F,67.4,Fail,60.8,-25.9
2448024,Physics,PMa,B.Sc. Physics & Mathematics,UG,2,4,2025-26,Differential Equations,71.4,A,88.6,Pass,60.8,10.6
2448025,Physics,PMa,B.Sc. Physics & Mathematics,UG,2,4,2025-26,Differential Equations,71,A,90.8,Pass,60.8,10.2
2448026,Physics,PMa,B.Sc. Physics & Mathematics,UG,2,4,2025-26,Differential Equations,78.9,A,95.4,Pass,60.8,18.1
2448027,Physics,PMa,B.Sc. Physics & Mathematics,UG,2,4,2025-26,Differential Equations,71.6,A,87.3,Pass,60.8,10.8
2448028,Physics,PMa,B.Sc. Physics & Mathematics,UG,2,4,2025-26,Differential Equations,45,C,90.5,Pass,60.8,-15.8
2448029,Physics,PMa,B.Sc. Physics & Mathematics,UG,2,4,2025-26,Differential Equations,80.9,A+,96.3,Pass,60.8,20.1
2448030,Physics,PMa,B.Sc. Physics & Mathematics,UG,2,4,2025-26,Differential Equations,63.3,B+,66.3,Pass,60.8,2.5
2448031,Physics,PMa,B.Sc. Physics & Mathematics,UG,2,4,2025-26,Differential Equations,55.9,B,84.9,Pass,60.8,-4.9
2448032,Physics,PMa,B.Sc. Physics & Mathematics,UG,2,4,2025-26,Differential Equations,31.9,F,64.8,Fail,60.8,-28.9
2448033,Physics,PMa,B.Sc. Physics & Mathematics,UG,2,4,2025-26,Differential Equations,78.4,A,81.3,Pass,60.8,17.6
2448034,Physics,PMa,B.Sc. Physics & Mathematics,UG,2,4,2025-26,Differential Equations,83.1,A+,68.3,Pass,60.8,22.3
2448035,Physics,PMa,B.Sc. Physics & Mathematics,UG,2,4,2025-26,Differential Equations,83.5,A+,73.8,Pass,60.8,22.7
2448036,Physics,PMa,B.Sc. Physics & Mathematics,UG,2,4,2025-26,Differential Equations,53.6,B,73.8,Pass,60.8,-7.2
2448037,Physics,PMa,B.Sc. Physics & Mathematics,UG,2,4,2025-26,Differential Equations,60.6,B+,71,Pass,60.8,-0.2
2448038,Physics,PMa,B.Sc. Physics & Mathematics,UG,2,4,2025-26,Differential Equations,89.6,A+,93.3,Pass,60.8,28.8
2448039,Physics,PMa,B.Sc. Physics & Mathematics,UG,2,4,2025-26,Differential Equations,34.9,F,97.1,Fail,60.8,-25.9
2448040,Physics,PMa,B.Sc. Physics & Mathematics,UG,2,4,2025-26,Differential Equations,88.6,A+,95.3,Pass,60.8,27.8
2448041,Physics,PMa,B.Sc. Physics & Mathematics,UG,2,4,2025-26,Differential Equations,64.1,B+,67.2,Pass,60.8,3.3
2448042,Physics,PMa,B.Sc. Physics & Mathematics,UG,2,4,2025-26,Differential Equations,32,F,69.1,Fail,60.8,-28.8
2448043,Physics,PMa,B.Sc. Physics & Mathematics,UG,2,4,2025-26,Differential Equations,59.8,B,93.7,Pass,60.8,-1
2448044,Physics,PMa,B.Sc. Physics & Mathematics,UG,2,4,2025-26,Differential Equations,29.6,F,97.5,Fail,60.8,-31.2
2448045,Physics,PMa,B.Sc. Physics & Mathematics,UG,2,4,2025-26,Differential Equations,30.3,F,79.9,Fail,60.8,-30.5
2448046,Physics,PMa,B.Sc. Physics & Mathematics,UG,2,4,2025-26,Differential Equations,42.3,C,78.5,Pass,60.8,-18.5
2448047,Physics,PMa,B.Sc. Physics & Mathematics,UG,2,4,2025-26,Differential Equations,46.5,C,92.3,Pass,60.8,-14.3
2448048,Physics,PMa,B.Sc. Physics & Mathematics,UG,2,4,2025-26,Differential Equations,71.2,A,72.4,Pass,60.8,10.4
2448049,Physics,PMa,B.Sc. Physics & Mathematics,UG,2,4,2025-26,Differential Equations,90.7,O,61.9,Pass,60.8,29.9
2448050,Physics,PMa,B.Sc. Physics & Mathematics,UG,2,4,2025-26,Differential Equations,68.5,B+,84.1,Pass,60.8,7.7
2448051,Physics,PMa,B.Sc. Physics & Mathematics,UG,2,4,2025-26,Differential Equations,90.2,O,64,Pass,60.8,29.4
2448052,Physics,PMa,B.Sc. Physics & Mathematics,UG,2,4,2025-26,Differential Equations,49.7,C,70.1,Pass,60.8,-11.1
2448053,Physics,PMa,B.Sc. Physics & Mathematics,UG,2,4,2025-26,Differential Equations,67.1,B+,61.5,Pass,60.8,6.3
2448054,Physics,PMa,B.Sc. Physics & Mathematics,UG,2,4,2025-26,Differential Equations,34.9,F,98.3,Fail,60.8,-25.9
2448055,Physics,PMa,B.Sc. Physics & Mathematics,UG,2,4,2025-26,Differential Equations,87.1,A+,64.7,Pass,60.8,26.3
2448056,Physics,PMa,B.Sc. Physics & Mathematics,UG,2,4,2025-26,Differential Equations,76.5,A,67.3,Pass,60.8,15.7
2448057,Physics,PMa,B.Sc. Physics & Mathematics,UG,2,4,2025-26,Differential Equations,93.6,O,78,Pass,60.8,32.8
2448058,Physics,PMa,B.Sc. Physics & Mathematics,UG,2,4,2025-26,Differential Equations,23.8,F,88.4,Fail,60.8,-37
2448059,Physics,PMa,B.Sc. Physics & Mathematics,UG,2,4,2025-26,Differential Equations,70.8,A,91.1,Pass,60.8,10
2447001,Physics,PC,B.Sc. Physics Core,UG,2,4,2025-26,Digital Electronics,43.4,C,97.2,Pass,54.4,-11
2447002,Physics,PC,B.Sc. Physics Core,UG,2,4,2025-26,Digital Electronics,33.8,F,65.9,Fail,54.4,-20.6
2447003,Physics,PC,B.Sc. Physics Core,UG,2,4,2025-26,Digital Electronics,82.5,A+,67,Pass,54.4,28.1
2447004,Physics,PC,B.Sc. Physics Core,UG,2,4,2025-26,Digital Electronics,89.5,A+,66.6,Pass,54.4,35.1
2447005,Physics,PC,B.Sc. Physics Core,UG,2,4,2025-26,Digital Electronics,29,F,73.7,Fail,54.4,-25.4
2447006,Physics,PC,B.Sc. Physics Core,UG,2,4,2025-26,Digital Electronics,45.1,C,94,Pass,54.4,-9.3
2447007,Physics,PC,B.Sc. Physics Core,UG,2,4,2025-26,Digital Electronics,59.2,B,65.1,Pass,54.4,4.8
2447008,Physics,PC,B.Sc. Physics Core,UG,2,4,2025-26,Digital Electronics,34.2,F,80.7,Fail,54.4,-20.2
2447009,Physics,PC,B.Sc. Physics Core,UG,2,4,2025-26,Digital Electronics,81.3,A+,72.7,Pass,54.4,26.9
2447010,Physics,PC,B.Sc. Physics Core,UG,2,4,2025-26,Digital Electronics,90,O,79.8,Pass,54.4,35.6
2447011,Physics,PC,B.Sc. Physics Core,UG,2,4,2025-26,Digital Electronics,92,O,77.6,Pass,54.4,37.6
2447012,Physics,PC,B.Sc. Physics Core,UG,2,4,2025-26,Digital Electronics,36.3,F,96.8,Fail,54.4,-18.1
2447013,Physics,PC,B.Sc. Physics Core,UG,2,4,2025-26,Digital Electronics,76.7,A,90.6,Pass,54.4,22.3
2447014,Physics,PC,B.Sc. Physics Core,UG,2,4,2025-26,Digital Electronics,95.3,O,97.1,Pass,54.4,40.9
2447015,Physics,PC,B.Sc. Physics Core,UG,2,4,2025-26,Digital Electronics,29.3,F,67.6,Fail,54.4,-25.1
2447016,Physics,PC,B.Sc. Physics Core,UG,2,4,2025-26,Digital Electronics,94.1,O,62.5,Pass,54.4,39.7
2447017,Physics,PC,B.Sc. Physics Core,UG,2,4,2025-26,Digital Electronics,45.6,C,76.5,Pass,54.4,-8.8
2447018,Physics,PC,B.Sc. Physics Core,UG,2,4,2025-26,Digital Electronics,32.9,F,62.2,Fail,54.4,-21.5
2447019,Physics,PC,B.Sc. Physics Core,UG,2,4,2025-26,Digital Electronics,51.1,B,62.6,Pass,54.4,-3.3
2448001,Physics,PMa,B.Sc. Physics & Mathematics,UG,2,4,2025-26,Digital Electronics,27.8,F,85.2,Fail,54.4,-26.6
2448002,Physics,PMa,B.Sc. Physics & Mathematics,UG,2,4,2025-26,Digital Electronics,41.6,C,62.3,Pass,54.4,-12.8
2448003,Physics,PMa,B.Sc. Physics & Mathematics,UG,2,4,2025-26,Digital Electronics,81.2,A+,91.7,Pass,54.4,26.8
2448004,Physics,PMa,B.Sc. Physics & Mathematics,UG,2,4,2025-26,Digital Electronics,35.2,F,89.1,Fail,54.4,-19.2
2448005,Physics,PMa,B.Sc. Physics & Mathematics,UG,2,4,2025-26,Digital Electronics,65.7,B+,89.2,Pass,54.4,11.3
2448006,Physics,PMa,B.Sc. Physics & Mathematics,UG,2,4,2025-26,Digital Electronics,29,F,70.3,Fail,54.4,-25.4
2448007,Physics,PMa,B.Sc. Physics & Mathematics,UG,2,4,2025-26,Digital Electronics,44.3,C,96.8,Pass,54.4,-10.1
2448008,Physics,PMa,B.Sc. Physics & Mathematics,UG,2,4,2025-26,Digital Electronics,86.3,A+,85.9,Pass,54.4,31.9
2448009,Physics,PMa,B.Sc. Physics & Mathematics,UG,2,4,2025-26,Digital Electronics,17.6,F,72,Fail,54.4,-36.8
2448010,Physics,PMa,B.Sc. Physics & Mathematics,UG,2,4,2025-26,Digital Electronics,29.2,F,65.5,Fail,54.4,-25.2
2448011,Physics,PMa,B.Sc. Physics & Mathematics,UG,2,4,2025-26,Digital Electronics,35.3,F,92,Fail,54.4,-19.1
2448012,Physics,PMa,B.Sc. Physics & Mathematics,UG,2,4,2025-26,Digital Electronics,34.8,F,91.7,Fail,54.4,-19.6
2448013,Physics,PMa,B.Sc. Physics & Mathematics,UG,2,4,2025-26,Digital Electronics,53,B,72.4,Pass,54.4,-1.4
2448014,Physics,PMa,B.Sc. Physics & Mathematics,UG,2,4,2025-26,Digital Electronics,51.6,B,93.2,Pass,54.4,-2.8
2448015,Physics,PMa,B.Sc. Physics & Mathematics,UG,2,4,2025-26,Digital Electronics,79.8,A,93.6,Pass,54.4,25.4
2448016,Physics,PMa,B.Sc. Physics & Mathematics,UG,2,4,2025-26,Digital Electronics,84.6,A+,79.2,Pass,54.4,30.2
2448017,Physics,PMa,B.Sc. Physics & Mathematics,UG,2,4,2025-26,Digital Electronics,33.5,F,68.4,Fail,54.4,-20.9
2448018,Physics,PMa,B.Sc. Physics & Mathematics,UG,2,4,2025-26,Digital Electronics,33.9,F,84.5,Fail,54.4,-20.5
2448019,Physics,PMa,B.Sc. Physics & Mathematics,UG,2,4,2025-26,Digital Electronics,43.9,C,70.3,Pass,54.4,-10.5
2448020,Physics,PMa,B.Sc. Physics & Mathematics,UG,2,4,2025-26,Digital Electronics,85.3,A+,89.4,Pass,54.4,30.9
2448021,Physics,PMa,B.Sc. Physics & Mathematics,UG,2,4,2025-26,Digital Electronics,88.2,A+,77.1,Pass,54.4,33.8
2448022,Physics,PMa,B.Sc. Physics & Mathematics,UG,2,4,2025-26,Digital Electronics,50.2,B,87.4,Pass,54.4,-4.2
2448023,Physics,PMa,B.Sc. Physics & Mathematics,UG,2,4,2025-26,Digital Electronics,34.9,F,67.4,Fail,54.4,-19.5
2448024,Physics,PMa,B.Sc. Physics & Mathematics,UG,2,4,2025-26,Digital Electronics,42,C,88.6,Pass,54.4,-12.4
2448025,Physics,PMa,B.Sc. Physics & Mathematics,UG,2,4,2025-26,Digital Electronics,37.6,F,90.8,Fail,54.4,-16.8
2448026,Physics,PMa,B.Sc. Physics & Mathematics,UG,2,4,2025-26,Digital Electronics,43.5,C,95.4,Pass,54.4,-10.9
2448027,Physics,PMa,B.Sc. Physics & Mathematics,UG,2,4,2025-26,Digital Electronics,49.3,C,87.3,Pass,54.4,-5.1
2448028,Physics,PMa,B.Sc. Physics & Mathematics,UG,2,4,2025-26,Digital Electronics,59,B,90.5,Pass,54.4,4.6
2448029,Physics,PMa,B.Sc. Physics & Mathematics,UG,2,4,2025-26,Digital Electronics,61.3,B+,96.3,Pass,54.4,6.9
2448030,Physics,PMa,B.Sc. Physics & Mathematics,UG,2,4,2025-26,Digital Electronics,67.1,B+,66.3,Pass,54.4,12.7
2448031,Physics,PMa,B.Sc. Physics & Mathematics,UG,2,4,2025-26,Digital Electronics,42.3,C,84.9,Pass,54.4,-12.1
2448032,Physics,PMa,B.Sc. Physics & Mathematics,UG,2,4,2025-26,Digital Electronics,25,F,64.8,Fail,54.4,-29.4
2448033,Physics,PMa,B.Sc. Physics & Mathematics,UG,2,4,2025-26,Digital Electronics,63.8,B+,73.7,Pass,54.4,9.4
2448034,Physics,PMa,B.Sc. Physics & Mathematics,UG,2,4,2025-26,Digital Electronics,59.9,B,68.3,Pass,54.4,5.5
2448035,Physics,PMa,B.Sc. Physics & Mathematics,UG,2,4,2025-26,Digital Electronics,48,C,73.8,Pass,54.4,-6.4
2448036,Physics,PMa,B.Sc. Physics & Mathematics,UG,2,4,2025-26,Digital Electronics,57,B,73.8,Pass,54.4,2.6
2448037,Physics,PMa,B.Sc. Physics & Mathematics,UG,2,4,2025-26,Digital Electronics,71.3,A,71,Pass,54.4,16.9
2448038,Physics,PMa,B.Sc. Physics & Mathematics,UG,2,4,2025-26,Digital Electronics,37.5,F,93.3,Fail,54.4,-16.9
2448039,Physics,PMa,B.Sc. Physics & Mathematics,UG,2,4,2025-26,Digital Electronics,43.9,C,97.1,Pass,54.4,-10.5
2448040,Physics,PMa,B.Sc. Physics & Mathematics,UG,2,4,2025-26,Digital Electronics,81.1,A+,95.3,Pass,54.4,26.7
2448041,Physics,PMa,B.Sc. Physics & Mathematics,UG,2,4,2025-26,Digital Electronics,57.8,B,92.7,Pass,54.4,3.4
2448042,Physics,PMa,B.Sc. Physics & Mathematics,UG,2,4,2025-26,Digital Electronics,37.8,F,69.1,Fail,54.4,-16.6
2448043,Physics,PMa,B.Sc. Physics & Mathematics,UG,2,4,2025-26,Digital Electronics,73.2,A,93.7,Pass,54.4,18.8
2448044,Physics,PMa,B.Sc. Physics & Mathematics,UG,2,4,2025-26,Digital Electronics,74.4,A,97.5,Pass,54.4,20
2448045,Physics,PMa,B.Sc. Physics & Mathematics,UG,2,4,2025-26,Digital Electronics,70.5,A,79.9,Pass,54.4,16.1
2448046,Physics,PMa,B.Sc. Physics & Mathematics,UG,2,4,2025-26,Digital Electronics,56.7,B,78.5,Pass,54.4,2.3
2448047,Physics,PMa,B.Sc. Physics & Mathematics,UG,2,4,2025-26,Digital Electronics,94.3,O,92.3,Pass,54.4,39.9
2448048,Physics,PMa,B.Sc. Physics & Mathematics,UG,2,4,2025-26,Digital Electronics,30.7,F,72.4,Fail,54.4,-23.7
2448049,Physics,PMa,B.Sc. Physics & Mathematics,UG,2,4,2025-26,Digital Electronics,72.7,A,61.9,Pass,54.4,18.3
2448050,Physics,PMa,B.Sc. Physics & Mathematics,UG,2,4,2025-26,Digital Electronics,29,C,84.1,Pass,54.4,-25.4
2448051,Physics,PMa,B.Sc. Physics & Mathematics,UG,2,4,2025-26,Digital Electronics,53.1,B,64,Pass,54.4,-1.3
2448052,Physics,PMa,B.Sc. Physics & Mathematics,UG,2,4,2025-26,Digital Electronics,71.6,A,70.1,Pass,54.4,17.2
2448053,Physics,PMa,B.Sc. Physics & Mathematics,UG,2,4,2025-26,Digital Electronics,24.3,F,61.5,Fail,54.4,-30.1
2448054,Physics,PMa,B.Sc. Physics & Mathematics,UG,2,4,2025-26,Digital Electronics,42.4,C,98.3,Pass,54.4,-12
2448055,Physics,PMa,B.Sc. Physics & Mathematics,UG,2,4,2025-26,Digital Electronics,29.2,F,64.7,Fail,54.4,-25.2
2448056,Physics,PMa,B.Sc. Physics & Mathematics,UG,2,4,2025-26,Digital Electronics,77.6,A,67.3,Pass,54.4,23.2
2448057,Physics,PMa,B.Sc. Physics & Mathematics,UG,2,4,2025-26,Digital Electronics,30.6,F,78,Fail,54.4,-23.8
2448058,Physics,PMa,B.Sc. Physics & Mathematics,UG,2,4,2025-26,Digital Electronics,67.1,B+,88.4,Pass,54.4,12.7
2448059,Physics,PMa,B.Sc. Physics & Mathematics,UG,2,4,2025-26,Digital Electronics,54.2,B,91.1,Pass,54.4,-0.2
2449001,Physics,MSc,M.Sc. Physics,PG,2,4,2025-26,Dissertation Project,91.8,O,90.2,Pass,55.4,36.4
2449002,Physics,MSc,M.Sc. Physics,PG,2,4,2025-26,Dissertation Project,23.1,F,71.9,Fail,55.4,-32.3
2449003,Physics,MSc,M.Sc. Physics,PG,2,4,2025-26,Dissertation Project,35.9,F,72.6,Fail,55.4,-19.5
2449004,Physics,MSc,M.Sc. Physics,PG,2,4,2025-26,Dissertation Project,49,C,77.7,Pass,55.4,-6.4
2449005,Physics,MSc,M.Sc. Physics,PG,2,4,2025-26,Dissertation Project,67.5,B+,81.5,Pass,55.4,12.1
2449006,Physics,MSc,M.Sc. Physics,PG,2,4,2025-26,Dissertation Project,18.9,F,73.9,Fail,55.4,-36.5
2449007,Physics,MSc,M.Sc. Physics,PG,2,4,2025-26,Dissertation Project,72.1,A,70.5,Pass,55.4,16.7
2449008,Physics,MSc,M.Sc. Physics,PG,2,4,2025-26,Dissertation Project,37.3,F,88.6,Fail,55.4,-18.1
2449009,Physics,MSc,M.Sc. Physics,PG,2,4,2025-26,Dissertation Project,72.1,A,80.9,Pass,55.4,16.7
2449010,Physics,MSc,M.Sc. Physics,PG,2,4,2025-26,Dissertation Project,68.7,B+,86.5,Pass,55.4,13.3
2449011,Physics,MSc,M.Sc. Physics,PG,2,4,2025-26,Dissertation Project,77.2,A,78.1,Pass,55.4,21.8
2449012,Physics,MSc,M.Sc. Physics,PG,2,4,2025-26,Dissertation Project,64.6,B+,63.6,Pass,55.4,9.2
2449013,Physics,MSc,M.Sc. Physics,PG,2,4,2025-26,Dissertation Project,79.9,A,81.6,Pass,55.4,24.5
2449014,Physics,MSc,M.Sc. Physics,PG,2,4,2025-26,Dissertation Project,26.4,F,72.1,Fail,55.4,-29
2449015,Physics,MSc,M.Sc. Physics,PG,2,4,2025-26,Dissertation Project,29.9,F,85.6,Fail,55.4,-25.5
2449016,Physics,MSc,M.Sc. Physics,PG,2,4,2025-26,Dissertation Project,40.1,C,62.3,Pass,55.4,-15.3
2449017,Physics,MSc,M.Sc. Physics,PG,2,4,2025-26,Dissertation Project,51.4,B,95.9,Pass,55.4,-4
2449018,Physics,MSc,M.Sc. Physics,PG,2,4,2025-26,Dissertation Project,55.3,B,77.9,Pass,55.4,-0.1
2449019,Physics,MSc,M.Sc. Physics,PG,2,4,2025-26,Dissertation Project,45.1,C,62.3,Pass,55.4,-10.3
2449020,Physics,MSc,M.Sc. Physics,PG,2,4,2025-26,Dissertation Project,42.7,C,76.9,Pass,55.4,-12.7
2449021,Physics,MSc,M.Sc. Physics,PG,2,4,2025-26,Dissertation Project,50.5,B,66.1,Pass,55.4,-4.9
2449022,Physics,MSc,M.Sc. Physics,PG,2,4,2025-26,Dissertation Project,42.3,C,94.7,Pass,55.4,-13.1
2449023,Physics,MSc,M.Sc. Physics,PG,2,4,2025-26,Dissertation Project,29.7,F,74.1,Fail,55.4,-25.7
2449024,Physics,MSc,M.Sc. Physics,PG,2,4,2025-26,Dissertation Project,74.4,A,98,Pass,55.4,19
2449025,Physics,MSc,M.Sc. Physics,PG,2,4,2025-26,Dissertation Project,81.9,A+,73.2,Pass,55.4,26.5
2449026,Physics,MSc,M.Sc. Physics,PG,2,4,2025-26,Dissertation Project,49.5,C,61.5,Pass,55.4,-5.9
2449027,Physics,MSc,M.Sc. Physics,PG,2,4,2025-26,Dissertation Project,78.2,A,64.7,Pass,55.4,22.8
2449028,Physics,MSc,M.Sc. Physics,PG,2,4,2025-26,Dissertation Project,88.1,A+,64.4,Pass,55.4,32.7
2449029,Physics,MSc,M.Sc. Physics,PG,2,4,2025-26,Dissertation Project,31.5,F,70.6,Fail,55.4,-23.9
2449030,Physics,MSc,M.Sc. Physics,PG,2,4,2025-26,Dissertation Project,55.2,B,85.5,Pass,55.4,-0.2
2449031,Physics,MSc,M.Sc. Physics,PG,2,4,2025-26,Dissertation Project,28.4,F,76.3,Fail,55.4,-27
2449032,Physics,MSc,M.Sc. Physics,PG,2,4,2025-26,Dissertation Project,85.3,A+,96.1,Pass,55.4,29.9
2449033,Physics,MSc,M.Sc. Physics,PG,2,4,2025-26,Dissertation Project,32.9,F,95.4,Fail,55.4,-22.5
2449034,Physics,MSc,M.Sc. Physics,PG,2,4,2025-26,Dissertation Project,53.8,B,93.3,Pass,55.4,-1.6
2449035,Physics,MSc,M.Sc. Physics,PG,2,4,2025-26,Dissertation Project,43.2,C,75.3,Pass,55.4,-12.2
2449036,Physics,MSc,M.Sc. Physics,PG,2,4,2025-26,Dissertation Project,37.7,F,70.3,Fail,55.4,-17.7
2449037,Physics,MSc,M.Sc. Physics,PG,2,4,2025-26,Dissertation Project,59.3,B,80.6,Pass,55.4,3.9
2449038,Physics,MSc,M.Sc. Physics,PG,2,4,2025-26,Dissertation Project,36.4,F,92.3,Fail,55.4,-19
2449039,Physics,MSc,M.Sc. Physics,PG,2,4,2025-26,Dissertation Project,54.9,B,69.8,Pass,55.4,-0.5
2449040,Physics,MSc,M.Sc. Physics,PG,2,4,2025-26,Dissertation Project,53,B,87.1,Pass,55.4,-2.4
2449041,Physics,MSc,M.Sc. Physics,PG,2,4,2025-26,Dissertation Project,76.8,A,69.3,Pass,55.4,21.4
2449042,Physics,MSc,M.Sc. Physics,PG,2,4,2025-26,Dissertation Project,56.8,B,72.6,Pass,55.4,1.4
2449043,Physics,MSc,M.Sc. Physics,PG,2,4,2025-26,Dissertation Project,72.1,A,84.1,Pass,55.4,16.7
2449044,Physics,MSc,M.Sc. Physics,PG,2,4,2025-26,Dissertation Project,53.3,B,73.7,Pass,55.4,-2.1
2449045,Physics,MSc,M.Sc. Physics,PG,2,4,2025-26,Dissertation Project,29.2,F,72.8,Fail,55.4,-26.2
2449046,Physics,MSc,M.Sc. Physics,PG,2,4,2025-26,Dissertation Project,61.4,B+,78,Pass,55.4,6
2449047,Physics,MSc,M.Sc. Physics,PG,2,4,2025-26,Dissertation Project,80.4,A+,92.2,Pass,55.4,25
2449048,Physics,MSc,M.Sc. Physics,PG,2,4,2025-26,Dissertation Project,31.7,F,68.6,Fail,55.4,-23.7
2449049,Physics,MSc,M.Sc. Physics,PG,2,4,2025-26,Dissertation Project,87.3,A+,87.7,Pass,55.4,31.9
2449050,Physics,MSc,M.Sc. Physics,PG,2,4,2025-26,Dissertation Project,86.4,A+,73,Pass,55.4,31
2449051,Physics,MSc,M.Sc. Physics,PG,2,4,2025-26,Dissertation Project,27.9,F,79.9,Fail,55.4,-27.5
2449052,Physics,MSc,M.Sc. Physics,PG,2,4,2025-26,Dissertation Project,90.5,O,74.6,Pass,55.4,35.1
2449053,Physics,MSc,M.Sc. Physics,PG,2,4,2025-26,Dissertation Project,82.1,A+,62,Pass,55.4,26.7
2449054,Physics,MSc,M.Sc. Physics,PG,2,4,2025-26,Dissertation Project,31.9,F,87.7,Fail,55.4,-23.5
2449055,Physics,MSc,M.Sc. Physics,PG,2,4,2025-26,Dissertation Project,66.2,B+,84.9,Pass,55.4,10.8
2547001,Physics,PC,B.Sc. Physics Core,UG,1,2,2025-26,Electricity and Magnetism,30.5,F,72.6,Fail,61.8,-31.3
2547002,Physics,PC,B.Sc. Physics Core,UG,1,2,2025-26,Electricity and Magnetism,92.4,O,62.7,Pass,61.8,30.6
2547003,Physics,PC,B.Sc. Physics Core,UG,1,2,2025-26,Electricity and Magnetism,83.5,A+,75.5,Pass,61.8,21.7
2547004,Physics,PC,B.Sc. Physics Core,UG,1,2,2025-26,Electricity and Magnetism,57.1,B,82.7,Pass,61.8,-4.7
2547005,Physics,PC,B.Sc. Physics Core,UG,1,2,2025-26,Electricity and Magnetism,63.7,B+,82.8,Pass,61.8,1.9
2547006,Physics,PC,B.Sc. Physics Core,UG,1,2,2025-26,Electricity and Magnetism,31,F,88.4,Fail,61.8,-30.8
2547007,Physics,PC,B.Sc. Physics Core,UG,1,2,2025-26,Electricity and Magnetism,59,B,89.8,Pass,61.8,-2.8
2547008,Physics,PC,B.Sc. Physics Core,UG,1,2,2025-26,Electricity and Magnetism,83.9,A+,96.8,Pass,61.8,22.1
2547009,Physics,PC,B.Sc. Physics Core,UG,1,2,2025-26,Electricity and Magnetism,36.8,F,75,Fail,61.8,-25
2547010,Physics,PC,B.Sc. Physics Core,UG,1,2,2025-26,Electricity and Magnetism,86.8,A+,75.2,Pass,61.8,25
2547011,Physics,PC,B.Sc. Physics Core,UG,1,2,2025-26,Electricity and Magnetism,43.9,C,76.2,Pass,61.8,-17.9
2547012,Physics,PC,B.Sc. Physics Core,UG,1,2,2025-26,Electricity and Magnetism,63.1,B+,83,Pass,61.8,1.3
2547013,Physics,PC,B.Sc. Physics Core,UG,1,2,2025-26,Electricity and Magnetism,55.1,B,86.4,Pass,61.8,-6.7
2547014,Physics,PC,B.Sc. Physics Core,UG,1,2,2025-26,Electricity and Magnetism,34.9,F,84.7,Fail,61.8,-26.9
2547015,Physics,PC,B.Sc. Physics Core,UG,1,2,2025-26,Electricity and Magnetism,36.4,F,61,Fail,61.8,-25.4
2547016,Physics,PC,B.Sc. Physics Core,UG,1,2,2025-26,Electricity and Magnetism,84.4,A+,98.7,Pass,61.8,22.6
2547017,Physics,PC,B.Sc. Physics Core,UG,1,2,2025-26,Electricity and Magnetism,88.1,O,60.9,Pass,61.8,26.3
2547018,Physics,PC,B.Sc. Physics Core,UG,1,2,2025-26,Electricity and Magnetism,50.4,B,87.2,Pass,61.8,-11.4
2547019,Physics,PC,B.Sc. Physics Core,UG,1,2,2025-26,Electricity and Magnetism,63.2,B+,91.6,Pass,61.8,1.4
2547020,Physics,PC,B.Sc. Physics Core,UG,1,2,2025-26,Electricity and Magnetism,91.7,O,61.1,Pass,61.8,29.9
2347001,Physics,PC,B.Sc. Physics Core,UG,3,6,2025-26,Electrodynamics,79.6,A,69.3,Pass,56.7,22.9
2347002,Physics,PC,B.Sc. Physics Core,UG,3,6,2025-26,Electrodynamics,65.5,B+,79.5,Pass,56.7,8.8
2347003,Physics,PC,B.Sc. Physics Core,UG,3,6,2025-26,Electrodynamics,54.7,B,78.5,Pass,56.7,-2
2347004,Physics,PC,B.Sc. Physics Core,UG,3,6,2025-26,Electrodynamics,18.1,F,86.8,Fail,56.7,-38.6
2347005,Physics,PC,B.Sc. Physics Core,UG,3,6,2025-26,Electrodynamics,73.6,A,62.8,Pass,56.7,16.9
2347006,Physics,PC,B.Sc. Physics Core,UG,3,6,2025-26,Electrodynamics,94.1,O,69.4,Pass,56.7,37.4
2347007,Physics,PC,B.Sc. Physics Core,UG,3,6,2025-26,Electrodynamics,41.7,C,69.5,Pass,56.7,-15
2347008,Physics,PC,B.Sc. Physics Core,UG,3,6,2025-26,Electrodynamics,67.8,B+,60.2,Pass,56.7,11.1
2347009,Physics,PC,B.Sc. Physics Core,UG,3,6,2025-26,Electrodynamics,38.2,F,89.3,Fail,56.7,-18.5
2347010,Physics,PC,B.Sc. Physics Core,UG,3,6,2025-26,Electrodynamics,37.5,F,85.1,Fail,56.7,-19.2
2347011,Physics,PC,B.Sc. Physics Core,UG,3,6,2025-26,Electrodynamics,75.1,A,79.7,Pass,56.7,18.4
2347012,Physics,PC,B.Sc. Physics Core,UG,3,6,2025-26,Electrodynamics,70.6,A,61.2,Pass,56.7,13.9
2347013,Physics,PC,B.Sc. Physics Core,UG,3,6,2025-26,Electrodynamics,32.5,F,79.1,Fail,56.7,-24.2
2347014,Physics,PC,B.Sc. Physics Core,UG,3,6,2025-26,Electrodynamics,61.6,B+,69.8,Pass,56.7,4.9
2347015,Physics,PC,B.Sc. Physics Core,UG,3,6,2025-26,Electrodynamics,45.3,C,78.7,Pass,56.7,-11.4
2347016,Physics,PC,B.Sc. Physics Core,UG,3,6,2025-26,Electrodynamics,47.8,C,71.9,Pass,56.7,-8.9
2347017,Physics,PC,B.Sc. Physics Core,UG,3,6,2025-26,Electrodynamics,29.2,F,78.1,Fail,56.7,-27.5
2347018,Physics,PC,B.Sc. Physics Core,UG,3,6,2025-26,Electrodynamics,67.5,B+,92,Pass,56.7,10.8
2347019,Physics,PC,B.Sc. Physics Core,UG,3,6,2025-26,Electrodynamics,43.7,C,80.4,Pass,56.7,-13
2348001,Physics,PMa,B.Sc. Physics & Mathematics,UG,3,6,2025-26,Electrodynamics,50.6,B,82.1,Pass,56.7,-6.1
2348002,Physics,PMa,B.Sc. Physics & Mathematics,UG,3,6,2025-26,Electrodynamics,74.6,A,83.4,Pass,56.7,17.9
2348003,Physics,PMa,B.Sc. Physics & Mathematics,UG,3,6,2025-26,Electrodynamics,83.5,A+,71,Pass,56.7,26.8
2348004,Physics,PMa,B.Sc. Physics & Mathematics,UG,3,6,2025-26,Electrodynamics,82.9,A+,91.7,Pass,56.7,26.2
2348005,Physics,PMa,B.Sc. Physics & Mathematics,UG,3,6,2025-26,Electrodynamics,91.4,O,63.3,Pass,56.7,34.7
2348006,Physics,PMa,B.Sc. Physics & Mathematics,UG,3,6,2025-26,Electrodynamics,59.3,B,78.1,Pass,56.7,2.6
2348007,Physics,PMa,B.Sc. Physics & Mathematics,UG,3,6,2025-26,Electrodynamics,60.4,B+,69.1,Pass,56.7,3.7
2348008,Physics,PMa,B.Sc. Physics & Mathematics,UG,3,6,2025-26,Electrodynamics,63.2,B+,67,Pass,56.7,6.5
2348009,Physics,PMa,B.Sc. Physics & Mathematics,UG,3,6,2025-26,Electrodynamics,68.6,B+,74.6,Pass,56.7,11.9
2348010,Physics,PMa,B.Sc. Physics & Mathematics,UG,3,6,2025-26,Electrodynamics,81,A+,98.6,Pass,56.7,24.3
2348011,Physics,PMa,B.Sc. Physics & Mathematics,UG,3,6,2025-26,Electrodynamics,40.3,C,91.9,Pass,56.7,-16.4
2348012,Physics,PMa,B.Sc. Physics & Mathematics,UG,3,6,2025-26,Electrodynamics,55,B,94,Pass,56.7,-1.7
2348013,Physics,PMa,B.Sc. Physics & Mathematics,UG,3,6,2025-26,Electrodynamics,58.5,B,82,Pass,56.7,1.8
2348014,Physics,PMa,B.Sc. Physics & Mathematics,UG,3,6,2025-26,Electrodynamics,89.5,A+,68.6,Pass,56.7,32.8
2348015,Physics,PMa,B.Sc. Physics & Mathematics,UG,3,6,2025-26,Electrodynamics,79.3,A,87.7,Pass,56.7,22.6
2348016,Physics,PMa,B.Sc. Physics & Mathematics,UG,3,6,2025-26,Electrodynamics,36.4,F,83.1,Fail,56.7,-20.3
2348017,Physics,PMa,B.Sc. Physics & Mathematics,UG,3,6,2025-26,Electrodynamics,43,C,65.6,Pass,56.7,-13.7
2348018,Physics,PMa,B.Sc. Physics & Mathematics,UG,3,6,2025-26,Electrodynamics,55.1,A,65.5,Pass,56.7,-1.6
2348019,Physics,PMa,B.Sc. Physics & Mathematics,UG,3,6,2025-26,Electrodynamics,65.6,B+,78.6,Pass,56.7,8.9
2348020,Physics,PMa,B.Sc. Physics & Mathematics,UG,3,6,2025-26,Electrodynamics,39.4,F,76.1,Fail,56.7,-17.3
2348021,Physics,PMa,B.Sc. Physics & Mathematics,UG,3,6,2025-26,Electrodynamics,60.5,B+,64.5,Pass,56.7,3.8
2348022,Physics,PMa,B.Sc. Physics & Mathematics,UG,3,6,2025-26,Electrodynamics,47.7,C,74.2,Pass,56.7,-9
2348023,Physics,PMa,B.Sc. Physics & Mathematics,UG,3,6,2025-26,Electrodynamics,28.1,F,71.4,Fail,56.7,-28.6
2348024,Physics,PMa,B.Sc. Physics & Mathematics,UG,3,6,2025-26,Electrodynamics,40.2,C,77,Pass,56.7,-16.5
2348025,Physics,PMa,B.Sc. Physics & Mathematics,UG,3,6,2025-26,Electrodynamics,42,C,63.1,Pass,56.7,-14.7
2348026,Physics,PMa,B.Sc. Physics & Mathematics,UG,3,6,2025-26,Electrodynamics,31.8,F,82.7,Fail,56.7,-24.9
2348027,Physics,PMa,B.Sc. Physics & Mathematics,UG,3,6,2025-26,Electrodynamics,46.1,C,93.7,Pass,56.7,-10.6
2348028,Physics,PMa,B.Sc. Physics & Mathematics,UG,3,6,2025-26,Electrodynamics,58.3,B,66.4,Pass,56.7,1.6
2348029,Physics,PMa,B.Sc. Physics & Mathematics,UG,3,6,2025-26,Electrodynamics,35.9,F,91.8,Fail,56.7,-20.8
2348030,Physics,PMa,B.Sc. Physics & Mathematics,UG,3,6,2025-26,Electrodynamics,43.2,C,80,Pass,56.7,-13.5
2348031,Physics,PMa,B.Sc. Physics & Mathematics,UG,3,6,2025-26,Electrodynamics,29.2,F,91.9,Fail,56.7,-27.5
2348032,Physics,PMa,B.Sc. Physics & Mathematics,UG,3,6,2025-26,Electrodynamics,61.6,B+,87.4,Pass,56.7,4.9
2348033,Physics,PMa,B.Sc. Physics & Mathematics,UG,3,6,2025-26,Electrodynamics,67,B+,75.8,Pass,56.7,10.3
2348034,Physics,PMa,B.Sc. Physics & Mathematics,UG,3,6,2025-26,Electrodynamics,54.9,B,96.6,Pass,56.7,-1.8
2348035,Physics,PMa,B.Sc. Physics & Mathematics,UG,3,6,2025-26,Electrodynamics,90.1,O,69.4,Pass,56.7,33.4
2348036,Physics,PMa,B.Sc. Physics & Mathematics,UG,3,6,2025-26,Electrodynamics,52.8,B,97.4,Pass,56.7,-3.9
2348037,Physics,PMa,B.Sc. Physics & Mathematics,UG,3,6,2025-26,Electrodynamics,91.7,O,79.7,Pass,56.7,35
2348038,Physics,PMa,B.Sc. Physics & Mathematics,UG,3,6,2025-26,Electrodynamics,46.6,C,94.5,Pass,56.7,-10.1
2348039,Physics,PMa,B.Sc. Physics & Mathematics,UG,3,6,2025-26,Electrodynamics,48.8,C,69.8,Pass,56.7,-7.9
2348040,Physics,PMa,B.Sc. Physics & Mathematics,UG,3,6,2025-26,Electrodynamics,38.1,F,97.3,Fail,56.7,-18.6
2348041,Physics,PMa,B.Sc. Physics & Mathematics,UG,3,6,2025-26,Electrodynamics,85.1,A+,75.9,Pass,56.7,28.4
2348042,Physics,PMa,B.Sc. Physics & Mathematics,UG,3,6,2025-26,Electrodynamics,59.9,B,67.8,Pass,56.7,3.2
2348043,Physics,PMa,B.Sc. Physics & Mathematics,UG,3,6,2025-26,Electrodynamics,86.6,A+,80,Pass,56.7,29.9
2348044,Physics,PMa,B.Sc. Physics & Mathematics,UG,3,6,2025-26,Electrodynamics,32.5,F,71.1,Fail,56.7,-24.2
2348045,Physics,PMa,B.Sc. Physics & Mathematics,UG,3,6,2025-26,Electrodynamics,78.2,A,77.2,Pass,56.7,21.5
2348046,Physics,PMa,B.Sc. Physics & Mathematics,UG,3,6,2025-26,Electrodynamics,78.2,A,86.3,Pass,56.7,21.5
2348047,Physics,PMa,B.Sc. Physics & Mathematics,UG,3,6,2025-26,Electrodynamics,28.3,F,90.6,Fail,56.7,-28.4
2348048,Physics,PMa,B.Sc. Physics & Mathematics,UG,3,6,2025-26,Electrodynamics,69.3,B+,97.5,Pass,56.7,12.6
2348049,Physics,PMa,B.Sc. Physics & Mathematics,UG,3,6,2025-26,Electrodynamics,49.9,C,88.2,Pass,56.7,-6.8
2348050,Physics,PMa,B.Sc. Physics & Mathematics,UG,3,6,2025-26,Electrodynamics,67.5,B+,86.8,Pass,56.7,10.8
2348051,Physics,PMa,B.Sc. Physics & Mathematics,UG,3,6,2025-26,Electrodynamics,16.1,F,92.9,Fail,56.7,-40.6
2348052,Physics,PMa,B.Sc. Physics & Mathematics,UG,3,6,2025-26,Electrodynamics,63.2,B+,69.4,Pass,56.7,6.5
2348053,Physics,PMa,B.Sc. Physics & Mathematics,UG,3,6,2025-26,Electrodynamics,34.7,F,83.2,Fail,56.7,-22
2348054,Physics,PMa,B.Sc. Physics & Mathematics,UG,3,6,2025-26,Electrodynamics,70.5,A,82.4,Pass,56.7,13.8
2348055,Physics,PMa,B.Sc. Physics & Mathematics,UG,3,6,2025-26,Electrodynamics,62.9,B+,91.8,Pass,56.7,6.2
2348056,Physics,PMa,B.Sc. Physics & Mathematics,UG,3,6,2025-26,Electrodynamics,47.7,C,92,Pass,56.7,-9
2348057,Physics,PMa,B.Sc. Physics & Mathematics,UG,3,6,2025-26,Electrodynamics,24.9,F,67.1,Fail,56.7,-31.8
2348058,Physics,PMa,B.Sc. Physics & Mathematics,UG,3,6,2025-26,Electrodynamics,73.4,A,86.9,Pass,56.7,16.7
2348059,Physics,PMa,B.Sc. Physics & Mathematics,UG,3,6,2025-26,Electrodynamics,56,B,70.4,Pass,56.7,-0.7
2549001,Physics,MSc,M.Sc. Physics,PG,1,2,2025-26,Electrodynamics II,69.7,B+,64.2,Pass,60.5,9.2
2549002,Physics,MSc,M.Sc. Physics,PG,1,2,2025-26,Electrodynamics II,34.8,F,72.6,Fail,60.5,-25.7
2549003,Physics,MSc,M.Sc. Physics,PG,1,2,2025-26,Electrodynamics II,57.9,B,77.5,Pass,60.5,-2.6
2549004,Physics,MSc,M.Sc. Physics,PG,1,2,2025-26,Electrodynamics II,69,B+,93.3,Pass,60.5,8.5
2549005,Physics,MSc,M.Sc. Physics,PG,1,2,2025-26,Electrodynamics II,87.5,A+,69.5,Pass,60.5,27
2549006,Physics,MSc,M.Sc. Physics,PG,1,2,2025-26,Electrodynamics II,66.2,B+,66.8,Pass,60.5,5.7
2549007,Physics,MSc,M.Sc. Physics,PG,1,2,2025-26,Electrodynamics II,44.7,C,75.7,Pass,60.5,-15.8
2549008,Physics,MSc,M.Sc. Physics,PG,1,2,2025-26,Electrodynamics II,34.3,F,61.4,Fail,60.5,-26.2
2549009,Physics,MSc,M.Sc. Physics,PG,1,2,2025-26,Electrodynamics II,77.1,A,77.3,Pass,60.5,16.6
2549010,Physics,MSc,M.Sc. Physics,PG,1,2,2025-26,Electrodynamics II,76,A,97.1,Pass,60.5,15.5
2549011,Physics,MSc,M.Sc. Physics,PG,1,2,2025-26,Electrodynamics II,36.3,F,74.4,Fail,60.5,-24.2
2549012,Physics,MSc,M.Sc. Physics,PG,1,2,2025-26,Electrodynamics II,54.5,B,90.1,Pass,60.5,-6
2549013,Physics,MSc,M.Sc. Physics,PG,1,2,2025-26,Electrodynamics II,62,B+,72.5,Pass,60.5,1.5
2549014,Physics,MSc,M.Sc. Physics,PG,1,2,2025-26,Electrodynamics II,89.8,A+,68.8,Pass,60.5,29.3
2549015,Physics,MSc,M.Sc. Physics,PG,1,2,2025-26,Electrodynamics II,56.1,B,65.2,Pass,60.5,-4.4
2549016,Physics,MSc,M.Sc. Physics,PG,1,2,2025-26,Electrodynamics II,90.1,O,93,Pass,60.5,29.6
2549017,Physics,MSc,M.Sc. Physics,PG,1,2,2025-26,Electrodynamics II,71.4,A,66.3,Pass,60.5,10.9
2549018,Physics,MSc,M.Sc. Physics,PG,1,2,2025-26,Electrodynamics II,28.1,F,87.9,Fail,60.5,-32.4
2549019,Physics,MSc,M.Sc. Physics,PG,1,2,2025-26,Electrodynamics II,35.6,F,61.7,Fail,60.5,-24.9
2549020,Physics,MSc,M.Sc. Physics,PG,1,2,2025-26,Electrodynamics II,84.4,A+,89.2,Pass,60.5,23.9
2549021,Physics,MSc,M.Sc. Physics,PG,1,2,2025-26,Electrodynamics II,70.7,A,76.5,Pass,60.5,10.2
2549022,Physics,MSc,M.Sc. Physics,PG,1,2,2025-26,Electrodynamics II,31,F,76.7,Fail,60.5,-29.5
2549023,Physics,MSc,M.Sc. Physics,PG,1,2,2025-26,Electrodynamics II,32,F,81.3,Fail,60.5,-28.5
2549024,Physics,MSc,M.Sc. Physics,PG,1,2,2025-26,Electrodynamics II,44.4,C,72.1,Pass,60.5,-16.1
2549025,Physics,MSc,M.Sc. Physics,PG,1,2,2025-26,Electrodynamics II,50.7,B,73.7,Pass,60.5,-9.8
2549026,Physics,MSc,M.Sc. Physics,PG,1,2,2025-26,Electrodynamics II,84.5,A+,66.6,Pass,60.5,24
2549027,Physics,MSc,M.Sc. Physics,PG,1,2,2025-26,Electrodynamics II,58.5,B,68.1,Pass,60.5,-2
2549028,Physics,MSc,M.Sc. Physics,PG,1,2,2025-26,Electrodynamics II,33.7,F,74.2,Fail,60.5,-26.8
2549029,Physics,MSc,M.Sc. Physics,PG,1,2,2025-26,Electrodynamics II,28.6,F,64.2,Fail,60.5,-31.9
2549030,Physics,MSc,M.Sc. Physics,PG,1,2,2025-26,Electrodynamics II,29.9,F,96.5,Fail,60.5,-30.6
2549031,Physics,MSc,M.Sc. Physics,PG,1,2,2025-26,Electrodynamics II,81.4,A+,67.2,Pass,60.5,20.9
2549032,Physics,MSc,M.Sc. Physics,PG,1,2,2025-26,Electrodynamics II,53.1,B,67.2,Pass,60.5,-7.4
2549033,Physics,MSc,M.Sc. Physics,PG,1,2,2025-26,Electrodynamics II,61.6,B+,84.5,Pass,60.5,1.1
2549034,Physics,MSc,M.Sc. Physics,PG,1,2,2025-26,Electrodynamics II,93.9,O,82.7,Pass,60.5,33.4
2549035,Physics,MSc,M.Sc. Physics,PG,1,2,2025-26,Electrodynamics II,56.9,B,67.4,Pass,60.5,-3.6
2549036,Physics,MSc,M.Sc. Physics,PG,1,2,2025-26,Electrodynamics II,89.5,A+,76.4,Pass,60.5,29
2549037,Physics,MSc,M.Sc. Physics,PG,1,2,2025-26,Electrodynamics II,59.3,B,82,Pass,60.5,-1.2
2549038,Physics,MSc,M.Sc. Physics,PG,1,2,2025-26,Electrodynamics II,69.4,B+,98,Pass,60.5,8.9
2549039,Physics,MSc,M.Sc. Physics,PG,1,2,2025-26,Electrodynamics II,29.9,F,78.7,Fail,60.5,-30.6
2549040,Physics,MSc,M.Sc. Physics,PG,1,2,2025-26,Electrodynamics II,64,B+,63.3,Pass,60.5,3.5
2549041,Physics,MSc,M.Sc. Physics,PG,1,2,2025-26,Electrodynamics II,45.2,C,67,Pass,60.5,-15.3
2549042,Physics,MSc,M.Sc. Physics,PG,1,2,2025-26,Electrodynamics II,62.9,B+,79.1,Pass,60.5,2.4
2549043,Physics,MSc,M.Sc. Physics,PG,1,2,2025-26,Electrodynamics II,79.5,A,62.9,Pass,60.5,19
2549044,Physics,MSc,M.Sc. Physics,PG,1,2,2025-26,Electrodynamics II,66.3,B+,64,Pass,60.5,5.8
2549045,Physics,MSc,M.Sc. Physics,PG,1,2,2025-26,Electrodynamics II,42.5,C,62.2,Pass,60.5,-18
2549046,Physics,MSc,M.Sc. Physics,PG,1,2,2025-26,Electrodynamics II,87.2,A+,94.7,Pass,60.5,26.7
2549047,Physics,MSc,M.Sc. Physics,PG,1,2,2025-26,Electrodynamics II,78.1,A,89.8,Pass,60.5,17.6
2549048,Physics,MSc,M.Sc. Physics,PG,1,2,2025-26,Electrodynamics II,73.9,A,63.9,Pass,60.5,13.4
2549049,Physics,MSc,M.Sc. Physics,PG,1,2,2025-26,Electrodynamics II,82.4,A+,92.7,Pass,60.5,21.9
2549050,Physics,MSc,M.Sc. Physics,PG,1,2,2025-26,Electrodynamics II,74.9,A,86.8,Pass,60.5,14.4
2549051,Physics,MSc,M.Sc. Physics,PG,1,2,2025-26,Electrodynamics II,83.6,A+,65.9,Pass,60.5,23.1
2549052,Physics,MSc,M.Sc. Physics,PG,1,2,2025-26,Electrodynamics II,33.2,F,66.2,Fail,60.5,-27.3
2549053,Physics,MSc,M.Sc. Physics,PG,1,2,2025-26,Electrodynamics II,67.2,B+,83,Pass,60.5,6.7
2549054,Physics,MSc,M.Sc. Physics,PG,1,2,2025-26,Electrodynamics II,73.6,A,73,Pass,60.5,13.1
2549055,Physics,MSc,M.Sc. Physics,PG,1,2,2025-26,Electrodynamics II,30.3,F,70.2,Fail,60.5,-30.2
2548001,Physics,PMa,B.Sc. Physics & Mathematics,UG,1,2,2025-26,Linear Algebra,49.5,C,79,Pass,61.1,-11.6
2548002,Physics,PMa,B.Sc. Physics & Mathematics,UG,1,2,2025-26,Linear Algebra,47.7,C,60.1,Pass,61.1,-13.4
2548003,Physics,PMa,B.Sc. Physics & Mathematics,UG,1,2,2025-26,Linear Algebra,84.8,A+,75.3,Pass,61.1,23.7
2548004,Physics,PMa,B.Sc. Physics & Mathematics,UG,1,2,2025-26,Linear Algebra,88.1,A+,96.5,Pass,61.1,27
2548005,Physics,PMa,B.Sc. Physics & Mathematics,UG,1,2,2025-26,Linear Algebra,58.7,B,84.6,Pass,61.1,-2.4
2548006,Physics,PMa,B.Sc. Physics & Mathematics,UG,1,2,2025-26,Linear Algebra,78.3,A,85.1,Pass,61.1,17.2
2548007,Physics,PMa,B.Sc. Physics & Mathematics,UG,1,2,2025-26,Linear Algebra,42.1,C,70.1,Pass,61.1,-19
2548008,Physics,PMa,B.Sc. Physics & Mathematics,UG,1,2,2025-26,Linear Algebra,34.2,F,79.4,Fail,61.1,-26.9
2548009,Physics,PMa,B.Sc. Physics & Mathematics,UG,1,2,2025-26,Linear Algebra,56.1,B,63.6,Pass,61.1,-5
2548010,Physics,PMa,B.Sc. Physics & Mathematics,UG,1,2,2025-26,Linear Algebra,86.7,A+,74.7,Pass,61.1,25.6
2548011,Physics,PMa,B.Sc. Physics & Mathematics,UG,1,2,2025-26,Linear Algebra,32,F,70.6,Fail,61.1,-29.1
2548012,Physics,PMa,B.Sc. Physics & Mathematics,UG,1,2,2025-26,Linear Algebra,86.2,A+,94.9,Pass,61.1,25.1
2548013,Physics,PMa,B.Sc. Physics & Mathematics,UG,1,2,2025-26,Linear Algebra,72,A,69.7,Pass,61.1,10.9
2548014,Physics,PMa,B.Sc. Physics & Mathematics,UG,1,2,2025-26,Linear Algebra,36.7,F,77.8,Fail,61.1,-24.4
2548015,Physics,PMa,B.Sc. Physics & Mathematics,UG,1,2,2025-26,Linear Algebra,43.2,C,84.8,Pass,61.1,-17.9
2548016,Physics,PMa,B.Sc. Physics & Mathematics,UG,1,2,2025-26,Linear Algebra,44,C,60.4,Pass,61.1,-17.1
2548017,Physics,PMa,B.Sc. Physics & Mathematics,UG,1,2,2025-26,Linear Algebra,45.5,C,97.5,Pass,61.1,-15.6
2548018,Physics,PMa,B.Sc. Physics & Mathematics,UG,1,2,2025-26,Linear Algebra,78.3,A,96.1,Pass,61.1,17.2
2548019,Physics,PMa,B.Sc. Physics & Mathematics,UG,1,2,2025-26,Linear Algebra,48.1,C,68,Pass,61.1,-13
2548020,Physics,PMa,B.Sc. Physics & Mathematics,UG,1,2,2025-26,Linear Algebra,81.4,B,79.3,Pass,61.1,20.3
2548021,Physics,PMa,B.Sc. Physics & Mathematics,UG,1,2,2025-26,Linear Algebra,95.8,O,74.4,Pass,61.1,34.7
2548022,Physics,PMa,B.Sc. Physics & Mathematics,UG,1,2,2025-26,Linear Algebra,61.6,B,72.8,Pass,61.1,0.5
2548023,Physics,PMa,B.Sc. Physics & Mathematics,UG,1,2,2025-26,Linear Algebra,52.3,B,60.1,Pass,61.1,-8.8
2548024,Physics,PMa,B.Sc. Physics & Mathematics,UG,1,2,2025-26,Linear Algebra,24.9,F,68.8,Fail,61.1,-36.2
2548025,Physics,PMa,B.Sc. Physics & Mathematics,UG,1,2,2025-26,Linear Algebra,89.1,A+,91.7,Pass,61.1,28
2548026,Physics,PMa,B.Sc. Physics & Mathematics,UG,1,2,2025-26,Linear Algebra,28.3,F,70.6,Fail,61.1,-32.8
2548027,Physics,PMa,B.Sc. Physics & Mathematics,UG,1,2,2025-26,Linear Algebra,92.9,O,95.7,Pass,61.1,31.8
2548028,Physics,PMa,B.Sc. Physics & Mathematics,UG,1,2,2025-26,Linear Algebra,83.9,A+,69.8,Pass,61.1,22.8
2548029,Physics,PMa,B.Sc. Physics & Mathematics,UG,1,2,2025-26,Linear Algebra,79.2,A,83.7,Pass,61.1,18.1
2548030,Physics,PMa,B.Sc. Physics & Mathematics,UG,1,2,2025-26,Linear Algebra,46,C,62.5,Pass,61.1,-15.1
2548031,Physics,PMa,B.Sc. Physics & Mathematics,UG,1,2,2025-26,Linear Algebra,73.8,A,63.8,Pass,61.1,12.7
2548032,Physics,PMa,B.Sc. Physics & Mathematics,UG,1,2,2025-26,Linear Algebra,78.2,A,93,Pass,61.1,17.1
2548033,Physics,PMa,B.Sc. Physics & Mathematics,UG,1,2,2025-26,Linear Algebra,95.5,O,69.6,Pass,61.1,34.4
2548034,Physics,PMa,B.Sc. Physics & Mathematics,UG,1,2,2025-26,Linear Algebra,85.2,A+,69,Pass,61.1,24.1
2548035,Physics,PMa,B.Sc. Physics & Mathematics,UG,1,2,2025-26,Linear Algebra,53.3,B,61.6,Pass,61.1,-7.8
2548036,Physics,PMa,B.Sc. Physics & Mathematics,UG,1,2,2025-26,Linear Algebra,42.8,C,77.5,Pass,61.1,-18.3
2548037,Physics,PMa,B.Sc. Physics & Mathematics,UG,1,2,2025-26,Linear Algebra,74.1,A,65.5,Pass,61.1,13
2548038,Physics,PMa,B.Sc. Physics & Mathematics,UG,1,2,2025-26,Linear Algebra,71.5,A,72.2,Pass,61.1,10.4
2548039,Physics,PMa,B.Sc. Physics & Mathematics,UG,1,2,2025-26,Linear Algebra,66.5,B+,66.4,Pass,61.1,5.4
2548040,Physics,PMa,B.Sc. Physics & Mathematics,UG,1,2,2025-26,Linear Algebra,28.4,F,76.2,Fail,61.1,-32.7
2548041,Physics,PMa,B.Sc. Physics & Mathematics,UG,1,2,2025-26,Linear Algebra,71.6,A,76.5,Pass,61.1,10.5
2548042,Physics,PMa,B.Sc. Physics & Mathematics,UG,1,2,2025-26,Linear Algebra,90.9,O,63.5,Pass,61.1,29.8
2548043,Physics,PMa,B.Sc. Physics & Mathematics,UG,1,2,2025-26,Linear Algebra,37.2,F,79.1,Fail,61.1,-23.9
2548044,Physics,PMa,B.Sc. Physics & Mathematics,UG,1,2,2025-26,Linear Algebra,55.5,B,75.1,Pass,61.1,-5.6
2548045,Physics,PMa,B.Sc. Physics & Mathematics,UG,1,2,2025-26,Linear Algebra,44.8,C,92.3,Pass,61.1,-16.3
2548046,Physics,PMa,B.Sc. Physics & Mathematics,UG,1,2,2025-26,Linear Algebra,65.4,B+,95,Pass,61.1,4.3
2548047,Physics,PMa,B.Sc. Physics & Mathematics,UG,1,2,2025-26,Linear Algebra,29.6,F,71.9,Fail,61.1,-31.5
2548048,Physics,PMa,B.Sc. Physics & Mathematics,UG,1,2,2025-26,Linear Algebra,35.3,F,79.1,Fail,61.1,-25.8
2548049,Physics,PMa,B.Sc. Physics & Mathematics,UG,1,2,2025-26,Linear Algebra,80.9,A+,76.8,Pass,61.1,19.8
2548050,Physics,PMa,B.Sc. Physics & Mathematics,UG,1,2,2025-26,Linear Algebra,77.8,A,62.1,Pass,61.1,16.7
2548051,Physics,PMa,B.Sc. Physics & Mathematics,UG,1,2,2025-26,Linear Algebra,23.4,F,67.6,Fail,61.1,-37.7
2548052,Physics,PMa,B.Sc. Physics & Mathematics,UG,1,2,2025-26,Linear Algebra,34.2,O,89.5,Pass,61.1,-26.9
2548053,Physics,PMa,B.Sc. Physics & Mathematics,UG,1,2,2025-26,Linear Algebra,74.2,A,70.3,Pass,61.1,13.1
2548054,Physics,PMa,B.Sc. Physics & Mathematics,UG,1,2,2025-26,Linear Algebra,65.8,B+,66.6,Pass,61.1,4.7
2548055,Physics,PMa,B.Sc. Physics & Mathematics,UG,1,2,2025-26,Linear Algebra,95.4,O,94.4,Pass,61.1,34.3
2548056,Physics,PMa,B.Sc. Physics & Mathematics,UG,1,2,2025-26,Linear Algebra,45.2,C,74,Pass,61.1,-15.9
2548057,Physics,PMa,B.Sc. Physics & Mathematics,UG,1,2,2025-26,Linear Algebra,57.4,B,98.4,Pass,61.1,-3.7
2548058,Physics,PMa,B.Sc. Physics & Mathematics,UG,1,2,2025-26,Linear Algebra,52.3,B,94.9,Pass,61.1,-8.8
2548059,Physics,PMa,B.Sc. Physics & Mathematics,UG,1,2,2025-26,Linear Algebra,44.6,C,82.8,Pass,61.1,-16.5
2548060,Physics,PMa,B.Sc. Physics & Mathematics,UG,1,2,2025-26,Linear Algebra,66.2,B+,63.7,Pass,61.1,5.1
2547001,Physics,PC,B.Sc. Physics Core,UG,1,2,2025-26,Mathematical Physics I,27.2,F,72.6,Fail,56.7,-29.5
2547002,Physics,PC,B.Sc. Physics Core,UG,1,2,2025-26,Mathematical Physics I,43.2,C,62.7,Pass,56.7,-13.5
2547003,Physics,PC,B.Sc. Physics Core,UG,1,2,2025-26,Mathematical Physics I,36,F,75.5,Fail,56.7,-20.7
2547004,Physics,PC,B.Sc. Physics Core,UG,1,2,2025-26,Mathematical Physics I,42,C,82.7,Pass,56.7,-14.7
2547005,Physics,PC,B.Sc. Physics Core,UG,1,2,2025-26,Mathematical Physics I,44.6,C,82.8,Pass,56.7,-12.1
2547006,Physics,PC,B.Sc. Physics Core,UG,1,2,2025-26,Mathematical Physics I,79.5,A,88.4,Pass,56.7,22.8
2547007,Physics,PC,B.Sc. Physics Core,UG,1,2,2025-26,Mathematical Physics I,68.4,B+,89.8,Pass,56.7,11.7
2547008,Physics,PC,B.Sc. Physics Core,UG,1,2,2025-26,Mathematical Physics I,72,A,96.8,Pass,56.7,15.3
2547009,Physics,PC,B.Sc. Physics Core,UG,1,2,2025-26,Mathematical Physics I,32,F,75,Fail,56.7,-24.7
2547010,Physics,PC,B.Sc. Physics Core,UG,1,2,2025-26,Mathematical Physics I,88.1,A+,75.2,Pass,56.7,31.4
2547011,Physics,PC,B.Sc. Physics Core,UG,1,2,2025-26,Mathematical Physics I,40,C,76.2,Pass,56.7,-16.7
2547012,Physics,PC,B.Sc. Physics Core,UG,1,2,2025-26,Mathematical Physics I,92.8,O,83,Pass,56.7,36.1
2547013,Physics,PC,B.Sc. Physics Core,UG,1,2,2025-26,Mathematical Physics I,82.3,A+,86.4,Pass,56.7,25.6
2547014,Physics,PC,B.Sc. Physics Core,UG,1,2,2025-26,Mathematical Physics I,18.6,F,84.7,Fail,56.7,-38.1
2547015,Physics,PC,B.Sc. Physics Core,UG,1,2,2025-26,Mathematical Physics I,51.6,B,61,Pass,56.7,-5.1
2547016,Physics,PC,B.Sc. Physics Core,UG,1,2,2025-26,Mathematical Physics I,51.3,B,98.7,Pass,56.7,-5.4
2547017,Physics,PC,B.Sc. Physics Core,UG,1,2,2025-26,Mathematical Physics I,29.8,F,60.9,Fail,56.7,-26.9
2547018,Physics,PC,B.Sc. Physics Core,UG,1,2,2025-26,Mathematical Physics I,64.2,B+,87.2,Pass,56.7,7.5
2547019,Physics,PC,B.Sc. Physics Core,UG,1,2,2025-26,Mathematical Physics I,78.3,A,91.6,Pass,56.7,21.6
2547020,Physics,PC,B.Sc. Physics Core,UG,1,2,2025-26,Mathematical Physics I,93,O,61.1,Pass,56.7,36.3
2447001,Physics,PC,B.Sc. Physics Core,UG,2,4,2025-26,Mathematical Physics II,41.9,C,97.2,Pass,58.6,-16.7
2447002,Physics,PC,B.Sc. Physics Core,UG,2,4,2025-26,Mathematical Physics II,89.9,A+,78.7,Pass,58.6,31.3
2447003,Physics,PC,B.Sc. Physics Core,UG,2,4,2025-26,Mathematical Physics II,54.9,B,67,Pass,58.6,-3.7
2447004,Physics,PC,B.Sc. Physics Core,UG,2,4,2025-26,Mathematical Physics II,37.9,F,66.6,Fail,58.6,-20.7
2447005,Physics,PC,B.Sc. Physics Core,UG,2,4,2025-26,Mathematical Physics II,72.2,A,73.7,Pass,58.6,13.6
2447006,Physics,PC,B.Sc. Physics Core,UG,2,4,2025-26,Mathematical Physics II,44.4,C,94,Pass,58.6,-14.2
2447007,Physics,PC,B.Sc. Physics Core,UG,2,4,2025-26,Mathematical Physics II,89.5,A+,65.1,Pass,58.6,30.9
2447008,Physics,PC,B.Sc. Physics Core,UG,2,4,2025-26,Mathematical Physics II,39.7,F,80.7,Fail,58.6,-18.9
2447009,Physics,PC,B.Sc. Physics Core,UG,2,4,2025-26,Mathematical Physics II,66.1,B+,72.7,Pass,58.6,7.5
2447010,Physics,PC,B.Sc. Physics Core,UG,2,4,2025-26,Mathematical Physics II,69.7,B+,79.8,Pass,58.6,11.1
2447011,Physics,PC,B.Sc. Physics Core,UG,2,4,2025-26,Mathematical Physics II,87.6,A+,77.6,Pass,58.6,29
2447012,Physics,PC,B.Sc. Physics Core,UG,2,4,2025-26,Mathematical Physics II,32.9,F,96.8,Fail,58.6,-25.7
2447013,Physics,PC,B.Sc. Physics Core,UG,2,4,2025-26,Mathematical Physics II,37.7,F,90.6,Fail,58.6,-20.9
2447014,Physics,PC,B.Sc. Physics Core,UG,2,4,2025-26,Mathematical Physics II,39,F,97.1,Fail,58.6,-19.6
2447015,Physics,PC,B.Sc. Physics Core,UG,2,4,2025-26,Mathematical Physics II,23,F,67.6,Fail,58.6,-35.6
2447016,Physics,PC,B.Sc. Physics Core,UG,2,4,2025-26,Mathematical Physics II,33.7,F,62.5,Fail,58.6,-24.9
2447017,Physics,PC,B.Sc. Physics Core,UG,2,4,2025-26,Mathematical Physics II,90.5,O,76.5,Pass,58.6,31.9
2447018,Physics,PC,B.Sc. Physics Core,UG,2,4,2025-26,Mathematical Physics II,71.1,A,62.2,Pass,58.6,12.5
2447019,Physics,PC,B.Sc. Physics Core,UG,2,4,2025-26,Mathematical Physics II,91,O,62.6,Pass,58.6,32.4
2547001,Physics,PC,B.Sc. Physics Core,UG,1,2,2025-26,Mechanics,38.3,F,72.6,Fail,55.4,-17.1
2547002,Physics,PC,B.Sc. Physics Core,UG,1,2,2025-26,Mechanics,34.2,F,62.7,Fail,55.4,-21.2
2547003,Physics,PC,B.Sc. Physics Core,UG,1,2,2025-26,Mechanics,35.6,F,75.5,Fail,55.4,-19.8
2547004,Physics,PC,B.Sc. Physics Core,UG,1,2,2025-26,Mechanics,71.4,A,82.7,Pass,55.4,16
2547005,Physics,PC,B.Sc. Physics Core,UG,1,2,2025-26,Mechanics,58.8,B,82.8,Pass,55.4,3.4
2547006,Physics,PC,B.Sc. Physics Core,UG,1,2,2025-26,Mechanics,47.6,C,88.4,Pass,55.4,-7.8
2547007,Physics,PC,B.Sc. Physics Core,UG,1,2,2025-26,Mechanics,67,B+,89.8,Pass,55.4,11.6
2547008,Physics,PC,B.Sc. Physics Core,UG,1,2,2025-26,Mechanics,60.2,B+,96.8,Pass,55.4,4.8
2547009,Physics,PC,B.Sc. Physics Core,UG,1,2,2025-26,Mechanics,26.1,F,75,Fail,55.4,-29.3
2547010,Physics,PC,B.Sc. Physics Core,UG,1,2,2025-26,Mechanics,87.3,A+,75.2,Pass,55.4,31.9
2547011,Physics,PC,B.Sc. Physics Core,UG,1,2,2025-26,Mechanics,52.4,B,76.2,Pass,55.4,-3
2547012,Physics,PC,B.Sc. Physics Core,UG,1,2,2025-26,Mechanics,25.1,F,83,Fail,55.4,-30.3
2547013,Physics,PC,B.Sc. Physics Core,UG,1,2,2025-26,Mechanics,31.7,F,86.4,Fail,55.4,-23.7
2547014,Physics,PC,B.Sc. Physics Core,UG,1,2,2025-26,Mechanics,20,F,84.7,Fail,55.4,-35.4
2547015,Physics,PC,B.Sc. Physics Core,UG,1,2,2025-26,Mechanics,87.5,A+,61,Pass,55.4,32.1
2547016,Physics,PC,B.Sc. Physics Core,UG,1,2,2025-26,Mechanics,59.7,B,98.7,Pass,55.4,4.3
2547017,Physics,PC,B.Sc. Physics Core,UG,1,2,2025-26,Mechanics,92.7,O,60.9,Pass,55.4,37.3
2547018,Physics,PC,B.Sc. Physics Core,UG,1,2,2025-26,Mechanics,45.8,C,87.2,Pass,55.4,-9.6
2547019,Physics,PC,B.Sc. Physics Core,UG,1,2,2025-26,Mechanics,95,O,91.6,Pass,55.4,39.6
2547020,Physics,PC,B.Sc. Physics Core,UG,1,2,2025-26,Mechanics,29.9,F,61.1,Fail,55.4,-25.5
2548001,Physics,PMa,B.Sc. Physics & Mathematics,UG,1,2,2025-26,Mechanics,26.8,F,79,Fail,55.4,-28.6
2548002,Physics,PMa,B.Sc. Physics & Mathematics,UG,1,2,2025-26,Mechanics,79,A,60.1,Pass,55.4,23.6
2548003,Physics,PMa,B.Sc. Physics & Mathematics,UG,1,2,2025-26,Mechanics,95.9,O,75.3,Pass,55.4,40.5
2548004,Physics,PMa,B.Sc. Physics & Mathematics,UG,1,2,2025-26,Mechanics,45,C,96.5,Pass,55.4,-10.4
2548005,Physics,PMa,B.Sc. Physics & Mathematics,UG,1,2,2025-26,Mechanics,90.1,O,84.6,Pass,55.4,34.7
2548006,Physics,PMa,B.Sc. Physics & Mathematics,UG,1,2,2025-26,Mechanics,37.2,F,85.1,Fail,55.4,-18.2
2548007,Physics,PMa,B.Sc. Physics & Mathematics,UG,1,2,2025-26,Mechanics,72.6,A,70.1,Pass,55.4,17.2
2548008,Physics,PMa,B.Sc. Physics & Mathematics,UG,1,2,2025-26,Mechanics,43,C,79.4,Pass,55.4,-12.4
2548009,Physics,PMa,B.Sc. Physics & Mathematics,UG,1,2,2025-26,Mechanics,44.3,C,63.6,Pass,55.4,-11.1
2548010,Physics,PMa,B.Sc. Physics & Mathematics,UG,1,2,2025-26,Mechanics,21.7,F,74.7,Fail,55.4,-33.7
2548011,Physics,PMa,B.Sc. Physics & Mathematics,UG,1,2,2025-26,Mechanics,44.9,C,70.6,Pass,55.4,-10.5
2548012,Physics,PMa,B.Sc. Physics & Mathematics,UG,1,2,2025-26,Mechanics,60.2,B+,94.9,Pass,55.4,4.8
2548013,Physics,PMa,B.Sc. Physics & Mathematics,UG,1,2,2025-26,Mechanics,35.4,F,69.7,Fail,55.4,-20
2548014,Physics,PMa,B.Sc. Physics & Mathematics,UG,1,2,2025-26,Mechanics,33.8,F,77.8,Fail,55.4,-21.6
2548015,Physics,PMa,B.Sc. Physics & Mathematics,UG,1,2,2025-26,Mechanics,75.5,A,84.8,Pass,55.4,20.1
2548016,Physics,PMa,B.Sc. Physics & Mathematics,UG,1,2,2025-26,Mechanics,48.5,C,60.4,Pass,55.4,-6.9
2548017,Physics,PMa,B.Sc. Physics & Mathematics,UG,1,2,2025-26,Mechanics,75.9,A,97.5,Pass,55.4,20.5
2548018,Physics,PMa,B.Sc. Physics & Mathematics,UG,1,2,2025-26,Mechanics,23.1,F,96.1,Fail,55.4,-32.3
2548019,Physics,PMa,B.Sc. Physics & Mathematics,UG,1,2,2025-26,Mechanics,94,O,68,Pass,55.4,38.6
2548020,Physics,PMa,B.Sc. Physics & Mathematics,UG,1,2,2025-26,Mechanics,40.7,C,79.3,Pass,55.4,-14.7
2548021,Physics,PMa,B.Sc. Physics & Mathematics,UG,1,2,2025-26,Mechanics,16.4,F,98,Fail,55.4,-39
2548022,Physics,PMa,B.Sc. Physics & Mathematics,UG,1,2,2025-26,Mechanics,40.6,C,72.8,Pass,55.4,-14.8
2548023,Physics,PMa,B.Sc. Physics & Mathematics,UG,1,2,2025-26,Mechanics,47,C,60.1,Pass,55.4,-8.4
2548024,Physics,PMa,B.Sc. Physics & Mathematics,UG,1,2,2025-26,Mechanics,26.4,F,92.1,Fail,55.4,-29
2548025,Physics,PMa,B.Sc. Physics & Mathematics,UG,1,2,2025-26,Mechanics,15.8,F,91.7,Fail,55.4,-39.6
2548026,Physics,PMa,B.Sc. Physics & Mathematics,UG,1,2,2025-26,Mechanics,93.1,O,70.6,Pass,55.4,37.7
2548027,Physics,PMa,B.Sc. Physics & Mathematics,UG,1,2,2025-26,Mechanics,71.1,A,95.7,Pass,55.4,15.7
2548028,Physics,PMa,B.Sc. Physics & Mathematics,UG,1,2,2025-26,Mechanics,57.2,B,69.8,Pass,55.4,1.8
2548029,Physics,PMa,B.Sc. Physics & Mathematics,UG,1,2,2025-26,Mechanics,50.3,B,83.7,Pass,55.4,-5.1
2548030,Physics,PMa,B.Sc. Physics & Mathematics,UG,1,2,2025-26,Mechanics,30.3,F,62.5,Fail,55.4,-25.1
2548031,Physics,PMa,B.Sc. Physics & Mathematics,UG,1,2,2025-26,Mechanics,61.9,B+,63.8,Pass,55.4,6.5
2548032,Physics,PMa,B.Sc. Physics & Mathematics,UG,1,2,2025-26,Mechanics,73.2,A,93,Pass,55.4,17.8
2548033,Physics,PMa,B.Sc. Physics & Mathematics,UG,1,2,2025-26,Mechanics,44.7,C,69.6,Pass,55.4,-10.7
2548034,Physics,PMa,B.Sc. Physics & Mathematics,UG,1,2,2025-26,Mechanics,83,A+,69,Pass,55.4,27.6
2548035,Physics,PMa,B.Sc. Physics & Mathematics,UG,1,2,2025-26,Mechanics,48,C,61.6,Pass,55.4,-7.4
2548036,Physics,PMa,B.Sc. Physics & Mathematics,UG,1,2,2025-26,Mechanics,45.7,C,77.5,Pass,55.4,-9.7
2548037,Physics,PMa,B.Sc. Physics & Mathematics,UG,1,2,2025-26,Mechanics,41.9,C,65.5,Pass,55.4,-13.5
2548038,Physics,PMa,B.Sc. Physics & Mathematics,UG,1,2,2025-26,Mechanics,41.8,C,72.2,Pass,55.4,-13.6
2548039,Physics,PMa,B.Sc. Physics & Mathematics,UG,1,2,2025-26,Mechanics,75.3,A,66.4,Pass,55.4,19.9
2548040,Physics,PMa,B.Sc. Physics & Mathematics,UG,1,2,2025-26,Mechanics,86.8,A+,76.2,Pass,55.4,31.4
2548041,Physics,PMa,B.Sc. Physics & Mathematics,UG,1,2,2025-26,Mechanics,83.8,A+,76.5,Pass,55.4,28.4
2548042,Physics,PMa,B.Sc. Physics & Mathematics,UG,1,2,2025-26,Mechanics,70.3,A,63.5,Pass,55.4,14.9
2548043,Physics,PMa,B.Sc. Physics & Mathematics,UG,1,2,2025-26,Mechanics,82.7,A+,79.1,Pass,55.4,27.3
2548044,Physics,PMa,B.Sc. Physics & Mathematics,UG,1,2,2025-26,Mechanics,89.5,A+,75.1,Pass,55.4,34.1
2548045,Physics,PMa,B.Sc. Physics & Mathematics,UG,1,2,2025-26,Mechanics,40.4,C,92.3,Pass,55.4,-15
2548046,Physics,PMa,B.Sc. Physics & Mathematics,UG,1,2,2025-26,Mechanics,30.8,F,95,Fail,55.4,-24.6
2548047,Physics,PMa,B.Sc. Physics & Mathematics,UG,1,2,2025-26,Mechanics,56.6,B,71.9,Pass,55.4,1.2
2548048,Physics,PMa,B.Sc. Physics & Mathematics,UG,1,2,2025-26,Mechanics,44,C,79.1,Pass,55.4,-11.4
2548049,Physics,PMa,B.Sc. Physics & Mathematics,UG,1,2,2025-26,Mechanics,34.2,F,76.8,Fail,55.4,-21.2
2548050,Physics,PMa,B.Sc. Physics & Mathematics,UG,1,2,2025-26,Mechanics,62.3,B+,62.1,Pass,55.4,6.9
2548051,Physics,PMa,B.Sc. Physics & Mathematics,UG,1,2,2025-26,Mechanics,94.8,O,67.6,Pass,55.4,39.4
2548052,Physics,PMa,B.Sc. Physics & Mathematics,UG,1,2,2025-26,Mechanics,38.8,F,89.5,Fail,55.4,-16.6
2548053,Physics,PMa,B.Sc. Physics & Mathematics,UG,1,2,2025-26,Mechanics,62.4,B+,70.3,Pass,55.4,7
2548054,Physics,PMa,B.Sc. Physics & Mathematics,UG,1,2,2025-26,Mechanics,81.4,A+,66.6,Pass,55.4,26
2548055,Physics,PMa,B.Sc. Physics & Mathematics,UG,1,2,2025-26,Mechanics,35.1,F,94.4,Fail,55.4,-20.3
2548056,Physics,PMa,B.Sc. Physics & Mathematics,UG,1,2,2025-26,Mechanics,80,A+,74,Pass,55.4,24.6
2548057,Physics,PMa,B.Sc. Physics & Mathematics,UG,1,2,2025-26,Mechanics,67.8,B+,98.4,Pass,55.4,12.4
2548058,Physics,PMa,B.Sc. Physics & Mathematics,UG,1,2,2025-26,Mechanics,37,F,94.9,Fail,55.4,-18.4
2548059,Physics,PMa,B.Sc. Physics & Mathematics,UG,1,2,2025-26,Mechanics,68.1,B+,82.8,Pass,55.4,12.7
2548060,Physics,PMa,B.Sc. Physics & Mathematics,UG,1,2,2025-26,Mechanics,71.4,A,63.7,Pass,55.4,16
2447001,Physics,PC,B.Sc. Physics Core,UG,2,4,2025-26,Modern Physics,89.2,A+,97.2,Pass,66.7,22.5
2447002,Physics,PC,B.Sc. Physics Core,UG,2,4,2025-26,Modern Physics,79,A,78.7,Pass,66.7,12.3
2447003,Physics,PC,B.Sc. Physics Core,UG,2,4,2025-26,Modern Physics,92.4,O,67,Pass,66.7,25.7
2447004,Physics,PC,B.Sc. Physics Core,UG,2,4,2025-26,Modern Physics,94.7,O,66.6,Pass,66.7,28
2447005,Physics,PC,B.Sc. Physics Core,UG,2,4,2025-26,Modern Physics,91.5,O,73.7,Pass,66.7,24.8
2447006,Physics,PC,B.Sc. Physics Core,UG,2,4,2025-26,Modern Physics,45.6,C,94,Pass,66.7,-21.1
2447007,Physics,PC,B.Sc. Physics Core,UG,2,4,2025-26,Modern Physics,90.4,O,65.1,Pass,66.7,23.7
2447008,Physics,PC,B.Sc. Physics Core,UG,2,4,2025-26,Modern Physics,77.3,A,80.7,Pass,66.7,10.6
2447009,Physics,PC,B.Sc. Physics Core,UG,2,4,2025-26,Modern Physics,46.8,C,72.7,Pass,66.7,-19.9
2447010,Physics,PC,B.Sc. Physics Core,UG,2,4,2025-26,Modern Physics,62.8,B+,79.8,Pass,66.7,-3.9
2447011,Physics,PC,B.Sc. Physics Core,UG,2,4,2025-26,Modern Physics,45.7,C,77.6,Pass,66.7,-21
2447012,Physics,PC,B.Sc. Physics Core,UG,2,4,2025-26,Modern Physics,33,F,96.8,Fail,66.7,-33.7
2447013,Physics,PC,B.Sc. Physics Core,UG,2,4,2025-26,Modern Physics,93.8,O,90.6,Pass,66.7,27.1
2447014,Physics,PC,B.Sc. Physics Core,UG,2,4,2025-26,Modern Physics,63.1,B+,97.1,Pass,66.7,-3.6
2447015,Physics,PC,B.Sc. Physics Core,UG,2,4,2025-26,Modern Physics,70.4,A,67.6,Pass,66.7,3.7
2447016,Physics,PC,B.Sc. Physics Core,UG,2,4,2025-26,Modern Physics,46.4,C,62.5,Pass,66.7,-20.3
2447017,Physics,PC,B.Sc. Physics Core,UG,2,4,2025-26,Modern Physics,75.6,A,76.5,Pass,66.7,8.9
2447018,Physics,PC,B.Sc. Physics Core,UG,2,4,2025-26,Modern Physics,33.7,F,62.2,Fail,66.7,-33
2447019,Physics,PC,B.Sc. Physics Core,UG,2,4,2025-26,Modern Physics,36.8,F,62.6,Fail,66.7,-29.9
2449001,Physics,MSc,M.Sc. Physics,PG,2,4,2025-26,Nuclear and Particle Physics,71.1,A,90.2,Pass,59.1,12
2449002,Physics,MSc,M.Sc. Physics,PG,2,4,2025-26,Nuclear and Particle Physics,79.9,A,71.9,Pass,59.1,20.8
2449003,Physics,MSc,M.Sc. Physics,PG,2,4,2025-26,Nuclear and Particle Physics,95.2,O,72.6,Pass,59.1,36.1
2449004,Physics,MSc,M.Sc. Physics,PG,2,4,2025-26,Nuclear and Particle Physics,58.3,B,77.7,Pass,59.1,-0.8
2449005,Physics,MSc,M.Sc. Physics,PG,2,4,2025-26,Nuclear and Particle Physics,91.7,O,81.5,Pass,59.1,32.6
2449006,Physics,MSc,M.Sc. Physics,PG,2,4,2025-26,Nuclear and Particle Physics,80.7,A+,73.9,Pass,59.1,21.6
2449007,Physics,MSc,M.Sc. Physics,PG,2,4,2025-26,Nuclear and Particle Physics,75.9,A,70.5,Pass,59.1,16.8
2449008,Physics,MSc,M.Sc. Physics,PG,2,4,2025-26,Nuclear and Particle Physics,93.5,O,72.8,Pass,59.1,34.4
2449009,Physics,MSc,M.Sc. Physics,PG,2,4,2025-26,Nuclear and Particle Physics,87.5,A+,80.9,Pass,59.1,28.4
2449010,Physics,MSc,M.Sc. Physics,PG,2,4,2025-26,Nuclear and Particle Physics,24.9,F,86.5,Fail,59.1,-34.2
2449011,Physics,MSc,M.Sc. Physics,PG,2,4,2025-26,Nuclear and Particle Physics,28.9,F,78.1,Fail,59.1,-30.2
2449012,Physics,MSc,M.Sc. Physics,PG,2,4,2025-26,Nuclear and Particle Physics,38.6,F,63.6,Fail,59.1,-20.5
2449013,Physics,MSc,M.Sc. Physics,PG,2,4,2025-26,Nuclear and Particle Physics,72.7,A,81.6,Pass,59.1,13.6
2449014,Physics,MSc,M.Sc. Physics,PG,2,4,2025-26,Nuclear and Particle Physics,80.5,A+,72.1,Pass,59.1,21.4
2449015,Physics,MSc,M.Sc. Physics,PG,2,4,2025-26,Nuclear and Particle Physics,80.6,A+,85.6,Pass,59.1,21.5
2449016,Physics,MSc,M.Sc. Physics,PG,2,4,2025-26,Nuclear and Particle Physics,62.1,B+,62.3,Pass,59.1,3
2449017,Physics,MSc,M.Sc. Physics,PG,2,4,2025-26,Nuclear and Particle Physics,33.7,F,95.9,Fail,59.1,-25.4
2449018,Physics,MSc,M.Sc. Physics,PG,2,4,2025-26,Nuclear and Particle Physics,50,B,77.9,Pass,59.1,-9.1
2449019,Physics,MSc,M.Sc. Physics,PG,2,4,2025-26,Nuclear and Particle Physics,66.4,B+,62.3,Pass,59.1,7.3
2449020,Physics,MSc,M.Sc. Physics,PG,2,4,2025-26,Nuclear and Particle Physics,43.7,C,76.9,Pass,59.1,-15.4
2449021,Physics,MSc,M.Sc. Physics,PG,2,4,2025-26,Nuclear and Particle Physics,86.7,A+,66.1,Pass,59.1,27.6
2449022,Physics,MSc,M.Sc. Physics,PG,2,4,2025-26,Nuclear and Particle Physics,39,F,94.7,Fail,59.1,-20.1
2449023,Physics,MSc,M.Sc. Physics,PG,2,4,2025-26,Nuclear and Particle Physics,81,A+,74.1,Pass,59.1,21.9
2449024,Physics,MSc,M.Sc. Physics,PG,2,4,2025-26,Nuclear and Particle Physics,28.6,F,98,Fail,59.1,-30.5
2449025,Physics,MSc,M.Sc. Physics,PG,2,4,2025-26,Nuclear and Particle Physics,90.5,O,73.2,Pass,59.1,31.4
2449026,Physics,MSc,M.Sc. Physics,PG,2,4,2025-26,Nuclear and Particle Physics,62.3,B+,61.5,Pass,59.1,3.2
2449027,Physics,MSc,M.Sc. Physics,PG,2,4,2025-26,Nuclear and Particle Physics,61.1,B+,64.7,Pass,59.1,2
2449028,Physics,MSc,M.Sc. Physics,PG,2,4,2025-26,Nuclear and Particle Physics,52,B,64.4,Pass,59.1,-7.1
2449029,Physics,MSc,M.Sc. Physics,PG,2,4,2025-26,Nuclear and Particle Physics,40.1,C,70.6,Pass,59.1,-19
2449030,Physics,MSc,M.Sc. Physics,PG,2,4,2025-26,Nuclear and Particle Physics,65,B+,85.5,Pass,59.1,5.9
2449031,Physics,MSc,M.Sc. Physics,PG,2,4,2025-26,Nuclear and Particle Physics,94.2,O,76.3,Pass,59.1,35.1
2449032,Physics,MSc,M.Sc. Physics,PG,2,4,2025-26,Nuclear and Particle Physics,45.3,C,96.1,Pass,59.1,-13.8
2449033,Physics,MSc,M.Sc. Physics,PG,2,4,2025-26,Nuclear and Particle Physics,31.4,F,95.4,Fail,59.1,-27.7
2449034,Physics,MSc,M.Sc. Physics,PG,2,4,2025-26,Nuclear and Particle Physics,62.7,B+,93.3,Pass,59.1,3.6
2449035,Physics,MSc,M.Sc. Physics,PG,2,4,2025-26,Nuclear and Particle Physics,63.8,B+,75.3,Pass,59.1,4.7
2449036,Physics,MSc,M.Sc. Physics,PG,2,4,2025-26,Nuclear and Particle Physics,89.8,A+,70.3,Pass,59.1,30.7
2449037,Physics,MSc,M.Sc. Physics,PG,2,4,2025-26,Nuclear and Particle Physics,63.6,B+,80.6,Pass,59.1,4.5
2449038,Physics,MSc,M.Sc. Physics,PG,2,4,2025-26,Nuclear and Particle Physics,93.8,A+,92.3,Pass,59.1,34.7
2449039,Physics,MSc,M.Sc. Physics,PG,2,4,2025-26,Nuclear and Particle Physics,35,F,69.8,Fail,59.1,-24.1
2449040,Physics,MSc,M.Sc. Physics,PG,2,4,2025-26,Nuclear and Particle Physics,58.6,B,87.1,Pass,59.1,-0.5
2449041,Physics,MSc,M.Sc. Physics,PG,2,4,2025-26,Nuclear and Particle Physics,53.2,B,69.3,Pass,59.1,-5.9
2449042,Physics,MSc,M.Sc. Physics,PG,2,4,2025-26,Nuclear and Particle Physics,44.4,C,72.6,Pass,59.1,-14.7
2449043,Physics,MSc,M.Sc. Physics,PG,2,4,2025-26,Nuclear and Particle Physics,25.6,F,84.1,Fail,59.1,-33.5
2449044,Physics,MSc,M.Sc. Physics,PG,2,4,2025-26,Nuclear and Particle Physics,54.2,B,73.7,Pass,59.1,-4.9
2449045,Physics,MSc,M.Sc. Physics,PG,2,4,2025-26,Nuclear and Particle Physics,32.8,F,72.8,Fail,59.1,-26.3
2449046,Physics,MSc,M.Sc. Physics,PG,2,4,2025-26,Nuclear and Particle Physics,59.4,B,78,Pass,59.1,0.3
2449047,Physics,MSc,M.Sc. Physics,PG,2,4,2025-26,Nuclear and Particle Physics,73.6,A,92.2,Pass,59.1,14.5
2449048,Physics,MSc,M.Sc. Physics,PG,2,4,2025-26,Nuclear and Particle Physics,33.2,F,68.6,Fail,59.1,-25.9
2449049,Physics,MSc,M.Sc. Physics,PG,2,4,2025-26,Nuclear and Particle Physics,31.6,F,87.7,Fail,59.1,-27.5
2449050,Physics,MSc,M.Sc. Physics,PG,2,4,2025-26,Nuclear and Particle Physics,38.7,F,73,Fail,59.1,-20.4
2449051,Physics,MSc,M.Sc. Physics,PG,2,4,2025-26,Nuclear and Particle Physics,22.3,F,79.9,Fail,59.1,-36.8
2449052,Physics,MSc,M.Sc. Physics,PG,2,4,2025-26,Nuclear and Particle Physics,59.6,B,74.6,Pass,59.1,0.5
2449053,Physics,MSc,M.Sc. Physics,PG,2,4,2025-26,Nuclear and Particle Physics,49.4,C,62,Pass,59.1,-9.7
2449054,Physics,MSc,M.Sc. Physics,PG,2,4,2025-26,Nuclear and Particle Physics,82.6,A+,87.7,Pass,59.1,23.5
2449055,Physics,MSc,M.Sc. Physics,PG,2,4,2025-26,Nuclear and Particle Physics,31.3,F,84.9,Fail,59.1,-27.8
2347001,Physics,PC,B.Sc. Physics Core,UG,3,6,2025-26,Nuclear Physics,49.2,C,69.3,Pass,66.3,-17.1
2347002,Physics,PC,B.Sc. Physics Core,UG,3,6,2025-26,Nuclear Physics,29,F,79.5,Fail,66.3,-37.3
2347003,Physics,PC,B.Sc. Physics Core,UG,3,6,2025-26,Nuclear Physics,61.7,B+,78.5,Pass,66.3,-4.6
2347004,Physics,PC,B.Sc. Physics Core,UG,3,6,2025-26,Nuclear Physics,71.2,A,86.8,Pass,66.3,4.9
2347005,Physics,PC,B.Sc. Physics Core,UG,3,6,2025-26,Nuclear Physics,85.2,A+,62.8,Pass,66.3,18.9
2347006,Physics,PC,B.Sc. Physics Core,UG,3,6,2025-26,Nuclear Physics,45.9,C,69.4,Pass,66.3,-20.4
2347007,Physics,PC,B.Sc. Physics Core,UG,3,6,2025-26,Nuclear Physics,60.3,B+,69.5,Pass,66.3,-6
2347008,Physics,PC,B.Sc. Physics Core,UG,3,6,2025-26,Nuclear Physics,48.7,C,60.2,Pass,66.3,-17.6
2347009,Physics,PC,B.Sc. Physics Core,UG,3,6,2025-26,Nuclear Physics,50.2,B,89.3,Pass,66.3,-16.1
2347010,Physics,PC,B.Sc. Physics Core,UG,3,6,2025-26,Nuclear Physics,77.9,A,85.1,Pass,66.3,11.6
2347011,Physics,PC,B.Sc. Physics Core,UG,3,6,2025-26,Nuclear Physics,88.7,A+,79.7,Pass,66.3,22.4
2347012,Physics,PC,B.Sc. Physics Core,UG,3,6,2025-26,Nuclear Physics,66,B+,61.2,Pass,66.3,-0.3
2347013,Physics,PC,B.Sc. Physics Core,UG,3,6,2025-26,Nuclear Physics,64.4,B+,79.1,Pass,66.3,-1.9
2347014,Physics,PC,B.Sc. Physics Core,UG,3,6,2025-26,Nuclear Physics,78.3,A,69.8,Pass,66.3,12
2347015,Physics,PC,B.Sc. Physics Core,UG,3,6,2025-26,Nuclear Physics,33.3,F,78.7,Fail,66.3,-33
2347016,Physics,PC,B.Sc. Physics Core,UG,3,6,2025-26,Nuclear Physics,75.1,A,71.9,Pass,66.3,8.8
2347017,Physics,PC,B.Sc. Physics Core,UG,3,6,2025-26,Nuclear Physics,94.5,O,78.1,Pass,66.3,28.2
2347018,Physics,PC,B.Sc. Physics Core,UG,3,6,2025-26,Nuclear Physics,92.3,O,92,Pass,66.3,26
2347019,Physics,PC,B.Sc. Physics Core,UG,3,6,2025-26,Nuclear Physics,88.3,A+,80.4,Pass,66.3,22
2348001,Physics,PMa,B.Sc. Physics & Mathematics,UG,3,6,2025-26,Numerical Methods,94.5,O,82.1,Pass,61.1,33.4
2348002,Physics,PMa,B.Sc. Physics & Mathematics,UG,3,6,2025-26,Numerical Methods,88.9,A+,83.4,Pass,61.1,27.8
2348003,Physics,PMa,B.Sc. Physics & Mathematics,UG,3,6,2025-26,Numerical Methods,30.9,F,71,Fail,61.1,-30.2
2348004,Physics,PMa,B.Sc. Physics & Mathematics,UG,3,6,2025-26,Numerical Methods,90.1,O,91.7,Pass,61.1,29
2348005,Physics,PMa,B.Sc. Physics & Mathematics,UG,3,6,2025-26,Numerical Methods,69.3,B+,63.3,Pass,61.1,8.2
2348006,Physics,PMa,B.Sc. Physics & Mathematics,UG,3,6,2025-26,Numerical Methods,82.8,A+,78.1,Pass,61.1,21.7
2348007,Physics,PMa,B.Sc. Physics & Mathematics,UG,3,6,2025-26,Numerical Methods,40.9,C,69.1,Pass,61.1,-20.2
2348008,Physics,PMa,B.Sc. Physics & Mathematics,UG,3,6,2025-26,Numerical Methods,31,F,67,Fail,61.1,-30.1
2348009,Physics,PMa,B.Sc. Physics & Mathematics,UG,3,6,2025-26,Numerical Methods,15.8,F,74.6,Fail,61.1,-45.3
2348010,Physics,PMa,B.Sc. Physics & Mathematics,UG,3,6,2025-26,Numerical Methods,92.4,O,98.6,Pass,61.1,31.3
2348011,Physics,PMa,B.Sc. Physics & Mathematics,UG,3,6,2025-26,Numerical Methods,31.5,F,91.9,Fail,61.1,-29.6
2348012,Physics,PMa,B.Sc. Physics & Mathematics,UG,3,6,2025-26,Numerical Methods,93.2,O,94,Pass,61.1,32.1
2348013,Physics,PMa,B.Sc. Physics & Mathematics,UG,3,6,2025-26,Numerical Methods,93.7,O,82,Pass,61.1,32.6
2348014,Physics,PMa,B.Sc. Physics & Mathematics,UG,3,6,2025-26,Numerical Methods,31.2,F,68.6,Fail,61.1,-29.9
2348015,Physics,PMa,B.Sc. Physics & Mathematics,UG,3,6,2025-26,Numerical Methods,74,A,87.7,Pass,61.1,12.9
2348016,Physics,PMa,B.Sc. Physics & Mathematics,UG,3,6,2025-26,Numerical Methods,39.5,F,83.1,Fail,61.1,-21.6
2348017,Physics,PMa,B.Sc. Physics & Mathematics,UG,3,6,2025-26,Numerical Methods,86.9,A+,65.6,Pass,61.1,25.8
2348018,Physics,PMa,B.Sc. Physics & Mathematics,UG,3,6,2025-26,Numerical Methods,51.1,B,65.5,Pass,61.1,-10
2348019,Physics,PMa,B.Sc. Physics & Mathematics,UG,3,6,2025-26,Numerical Methods,87.2,A+,78.6,Pass,61.1,26.1
2348020,Physics,PMa,B.Sc. Physics & Mathematics,UG,3,6,2025-26,Numerical Methods,49.6,C,76.1,Pass,61.1,-11.5
2348021,Physics,PMa,B.Sc. Physics & Mathematics,UG,3,6,2025-26,Numerical Methods,45.5,C,64.5,Pass,61.1,-15.6
2348022,Physics,PMa,B.Sc. Physics & Mathematics,UG,3,6,2025-26,Numerical Methods,31.9,F,74.2,Fail,61.1,-29.2
2348023,Physics,PMa,B.Sc. Physics & Mathematics,UG,3,6,2025-26,Numerical Methods,63.8,B+,71.4,Pass,61.1,2.7
2348024,Physics,PMa,B.Sc. Physics & Mathematics,UG,3,6,2025-26,Numerical Methods,76.4,A,77,Pass,61.1,15.3
2348025,Physics,PMa,B.Sc. Physics & Mathematics,UG,3,6,2025-26,Numerical Methods,76.1,A,63.1,Pass,61.1,15
2348026,Physics,PMa,B.Sc. Physics & Mathematics,UG,3,6,2025-26,Numerical Methods,50.8,B,82.7,Pass,61.1,-10.3
2348027,Physics,PMa,B.Sc. Physics & Mathematics,UG,3,6,2025-26,Numerical Methods,84.6,A+,93.7,Pass,61.1,23.5
2348028,Physics,PMa,B.Sc. Physics & Mathematics,UG,3,6,2025-26,Numerical Methods,36.2,F,66.4,Fail,61.1,-24.9
2348029,Physics,PMa,B.Sc. Physics & Mathematics,UG,3,6,2025-26,Numerical Methods,92.9,O,91.8,Pass,61.1,31.8
2348030,Physics,PMa,B.Sc. Physics & Mathematics,UG,3,6,2025-26,Numerical Methods,35,F,80,Fail,61.1,-26.1
2348031,Physics,PMa,B.Sc. Physics & Mathematics,UG,3,6,2025-26,Numerical Methods,67.2,B+,91.9,Pass,61.1,6.1
2348032,Physics,PMa,B.Sc. Physics & Mathematics,UG,3,6,2025-26,Numerical Methods,47,C,87.4,Pass,61.1,-14.1
2348033,Physics,PMa,B.Sc. Physics & Mathematics,UG,3,6,2025-26,Numerical Methods,39.2,F,75.8,Fail,61.1,-21.9
2348034,Physics,PMa,B.Sc. Physics & Mathematics,UG,3,6,2025-26,Numerical Methods,80.8,A+,96.6,Pass,61.1,19.7
2348035,Physics,PMa,B.Sc. Physics & Mathematics,UG,3,6,2025-26,Numerical Methods,27.4,F,69.4,Fail,61.1,-33.7
2348036,Physics,PMa,B.Sc. Physics & Mathematics,UG,3,6,2025-26,Numerical Methods,32.7,F,97.4,Fail,61.1,-28.4
2348037,Physics,PMa,B.Sc. Physics & Mathematics,UG,3,6,2025-26,Numerical Methods,83,A+,79.7,Pass,61.1,21.9
2348038,Physics,PMa,B.Sc. Physics & Mathematics,UG,3,6,2025-26,Numerical Methods,90.9,O,94.5,Pass,61.1,29.8
2348039,Physics,PMa,B.Sc. Physics & Mathematics,UG,3,6,2025-26,Numerical Methods,36.2,F,69.8,Fail,61.1,-24.9
2348040,Physics,PMa,B.Sc. Physics & Mathematics,UG,3,6,2025-26,Numerical Methods,36.9,F,97.3,Fail,61.1,-24.2
2348041,Physics,PMa,B.Sc. Physics & Mathematics,UG,3,6,2025-26,Numerical Methods,66.8,B+,75.9,Pass,61.1,5.7
2348042,Physics,PMa,B.Sc. Physics & Mathematics,UG,3,6,2025-26,Numerical Methods,44.5,C,67.8,Pass,61.1,-16.6
2348043,Physics,PMa,B.Sc. Physics & Mathematics,UG,3,6,2025-26,Numerical Methods,65.9,B+,80,Pass,61.1,4.8
2348044,Physics,PMa,B.Sc. Physics & Mathematics,UG,3,6,2025-26,Numerical Methods,24.3,F,71.1,Fail,61.1,-36.8
2348045,Physics,PMa,B.Sc. Physics & Mathematics,UG,3,6,2025-26,Numerical Methods,50.9,B,77.2,Pass,61.1,-10.2
2348046,Physics,PMa,B.Sc. Physics & Mathematics,UG,3,6,2025-26,Numerical Methods,79.7,A,86.3,Pass,61.1,18.6
2348047,Physics,PMa,B.Sc. Physics & Mathematics,UG,3,6,2025-26,Numerical Methods,67.8,B+,90.6,Pass,61.1,6.7
2348048,Physics,PMa,B.Sc. Physics & Mathematics,UG,3,6,2025-26,Numerical Methods,58.8,B,97.5,Pass,61.1,-2.3
2348049,Physics,PMa,B.Sc. Physics & Mathematics,UG,3,6,2025-26,Numerical Methods,85.8,A+,88.2,Pass,61.1,24.7
2348050,Physics,PMa,B.Sc. Physics & Mathematics,UG,3,6,2025-26,Numerical Methods,90.6,O,77.3,Pass,61.1,29.5
2348051,Physics,PMa,B.Sc. Physics & Mathematics,UG,3,6,2025-26,Numerical Methods,66.4,B+,92.9,Pass,61.1,5.3
2348052,Physics,PMa,B.Sc. Physics & Mathematics,UG,3,6,2025-26,Numerical Methods,54.5,B,95.9,Pass,61.1,-6.6
2348053,Physics,PMa,B.Sc. Physics & Mathematics,UG,3,6,2025-26,Numerical Methods,55.3,B,83.2,Pass,61.1,-5.8
2348054,Physics,PMa,B.Sc. Physics & Mathematics,UG,3,6,2025-26,Numerical Methods,51.3,B,82.4,Pass,61.1,-9.8
2348055,Physics,PMa,B.Sc. Physics & Mathematics,UG,3,6,2025-26,Numerical Methods,88.8,A+,91.8,Pass,61.1,27.7
2348056,Physics,PMa,B.Sc. Physics & Mathematics,UG,3,6,2025-26,Numerical Methods,62.3,B+,92,Pass,61.1,1.2
2348057,Physics,PMa,B.Sc. Physics & Mathematics,UG,3,6,2025-26,Numerical Methods,81.6,A+,67.1,Pass,61.1,20.5
2348058,Physics,PMa,B.Sc. Physics & Mathematics,UG,3,6,2025-26,Numerical Methods,61.9,B+,86.9,Pass,61.1,0.8
2348059,Physics,PMa,B.Sc. Physics & Mathematics,UG,3,6,2025-26,Numerical Methods,38.7,F,70.4,Fail,61.1,-22.4
2347001,Physics,PC,B.Sc. Physics Core,UG,3,6,2025-26,Quantum Mechanics,35.4,F,69.3,Fail,59.6,-24.2
2347002,Physics,PC,B.Sc. Physics Core,UG,3,6,2025-26,Quantum Mechanics,40.1,C,79.5,Pass,59.6,-19.5
2347003,Physics,PC,B.Sc. Physics Core,UG,3,6,2025-26,Quantum Mechanics,91.6,O,78.5,Pass,59.6,32
2347004,Physics,PC,B.Sc. Physics Core,UG,3,6,2025-26,Quantum Mechanics,94.8,O,86.8,Pass,59.6,35.2
2347005,Physics,PC,B.Sc. Physics Core,UG,3,6,2025-26,Quantum Mechanics,78.4,A,62.8,Pass,59.6,18.8
2347006,Physics,PC,B.Sc. Physics Core,UG,3,6,2025-26,Quantum Mechanics,47.9,C,69.4,Pass,59.6,-11.7
2347007,Physics,PC,B.Sc. Physics Core,UG,3,6,2025-26,Quantum Mechanics,93.7,O,69.5,Pass,59.6,34.1
2347008,Physics,PC,B.Sc. Physics Core,UG,3,6,2025-26,Quantum Mechanics,46,C,60.2,Pass,59.6,-13.6
2347009,Physics,PC,B.Sc. Physics Core,UG,3,6,2025-26,Quantum Mechanics,72.7,A,89.3,Pass,59.6,13.1
2347010,Physics,PC,B.Sc. Physics Core,UG,3,6,2025-26,Quantum Mechanics,31,F,85.1,Fail,59.6,-28.6
2347011,Physics,PC,B.Sc. Physics Core,UG,3,6,2025-26,Quantum Mechanics,84.8,A+,79.7,Pass,59.6,25.2
2347012,Physics,PC,B.Sc. Physics Core,UG,3,6,2025-26,Quantum Mechanics,37.1,F,61.2,Fail,59.6,-22.5
2347013,Physics,PC,B.Sc. Physics Core,UG,3,6,2025-26,Quantum Mechanics,28.2,F,79.1,Fail,59.6,-31.4
2347014,Physics,PC,B.Sc. Physics Core,UG,3,6,2025-26,Quantum Mechanics,33.1,F,69.8,Fail,59.6,-26.5
2347015,Physics,PC,B.Sc. Physics Core,UG,3,6,2025-26,Quantum Mechanics,74.5,A,78.7,Pass,59.6,14.9
2347016,Physics,PC,B.Sc. Physics Core,UG,3,6,2025-26,Quantum Mechanics,16.5,F,71.9,Fail,59.6,-43.1
2347017,Physics,PC,B.Sc. Physics Core,UG,3,6,2025-26,Quantum Mechanics,59.7,B,78.1,Pass,59.6,0.1
2347018,Physics,PC,B.Sc. Physics Core,UG,3,6,2025-26,Quantum Mechanics,93.8,O,92,Pass,59.6,34.2
2347019,Physics,PC,B.Sc. Physics Core,UG,3,6,2025-26,Quantum Mechanics,92.8,O,80.4,Pass,59.6,33.2
2348001,Physics,PMa,B.Sc. Physics & Mathematics,UG,3,6,2025-26,Quantum Mechanics,38.4,F,82.1,Fail,59.6,-21.2
2348002,Physics,PMa,B.Sc. Physics & Mathematics,UG,3,6,2025-26,Quantum Mechanics,49,C,83.4,Pass,59.6,-10.6
2348003,Physics,PMa,B.Sc. Physics & Mathematics,UG,3,6,2025-26,Quantum Mechanics,28.1,F,71,Fail,59.6,-31.5
2348004,Physics,PMa,B.Sc. Physics & Mathematics,UG,3,6,2025-26,Quantum Mechanics,87,A+,91.7,Pass,59.6,27.4
2348005,Physics,PMa,B.Sc. Physics & Mathematics,UG,3,6,2025-26,Quantum Mechanics,65.6,B+,63.3,Pass,59.6,6
2348006,Physics,PMa,B.Sc. Physics & Mathematics,UG,3,6,2025-26,Quantum Mechanics,42,C,78.1,Pass,59.6,-17.6
2348007,Physics,PMa,B.Sc. Physics & Mathematics,UG,3,6,2025-26,Quantum Mechanics,67.4,B+,69.1,Pass,59.6,7.8
2348008,Physics,PMa,B.Sc. Physics & Mathematics,UG,3,6,2025-26,Quantum Mechanics,75.7,A,67,Pass,59.6,16.1
2348009,Physics,PMa,B.Sc. Physics & Mathematics,UG,3,6,2025-26,Quantum Mechanics,35.2,F,74.6,Fail,59.6,-24.4
2348010,Physics,PMa,B.Sc. Physics & Mathematics,UG,3,6,2025-26,Quantum Mechanics,86.9,A+,98.6,Pass,59.6,27.3
2348011,Physics,PMa,B.Sc. Physics & Mathematics,UG,3,6,2025-26,Quantum Mechanics,93.5,O,91.9,Pass,59.6,33.9
2348012,Physics,PMa,B.Sc. Physics & Mathematics,UG,3,6,2025-26,Quantum Mechanics,59.2,B,94,Pass,59.6,-0.4
2348013,Physics,PMa,B.Sc. Physics & Mathematics,UG,3,6,2025-26,Quantum Mechanics,71.6,A,82,Pass,59.6,12
2348014,Physics,PMa,B.Sc. Physics & Mathematics,UG,3,6,2025-26,Quantum Mechanics,30.6,F,68.6,Fail,59.6,-29
2348015,Physics,PMa,B.Sc. Physics & Mathematics,UG,3,6,2025-26,Quantum Mechanics,72,A,87.7,Pass,59.6,12.4
2348016,Physics,PMa,B.Sc. Physics & Mathematics,UG,3,6,2025-26,Quantum Mechanics,79.5,A,83.1,Pass,59.6,19.9
2348017,Physics,PMa,B.Sc. Physics & Mathematics,UG,3,6,2025-26,Quantum Mechanics,32.2,F,65.6,Fail,59.6,-27.4
2348018,Physics,PMa,B.Sc. Physics & Mathematics,UG,3,6,2025-26,Quantum Mechanics,58.4,B,65.5,Pass,59.6,-1.2
2348019,Physics,PMa,B.Sc. Physics & Mathematics,UG,3,6,2025-26,Quantum Mechanics,70.7,A,78.6,Pass,59.6,11.1
2348020,Physics,PMa,B.Sc. Physics & Mathematics,UG,3,6,2025-26,Quantum Mechanics,38.6,F,76.1,Fail,59.6,-21
2348021,Physics,PMa,B.Sc. Physics & Mathematics,UG,3,6,2025-26,Quantum Mechanics,36.5,F,64.5,Fail,59.6,-23.1
2348022,Physics,PMa,B.Sc. Physics & Mathematics,UG,3,6,2025-26,Quantum Mechanics,95.4,O,74.2,Pass,59.6,35.8
2348023,Physics,PMa,B.Sc. Physics & Mathematics,UG,3,6,2025-26,Quantum Mechanics,34.4,F,71.4,Fail,59.6,-25.2
2348024,Physics,PMa,B.Sc. Physics & Mathematics,UG,3,6,2025-26,Quantum Mechanics,90,O,77,Pass,59.6,30.4
2348025,Physics,PMa,B.Sc. Physics & Mathematics,UG,3,6,2025-26,Quantum Mechanics,33.9,F,63.1,Fail,59.6,-25.7
2348026,Physics,PMa,B.Sc. Physics & Mathematics,UG,3,6,2025-26,Quantum Mechanics,32.6,F,82.7,Fail,59.6,-27
2348027,Physics,PMa,B.Sc. Physics & Mathematics,UG,3,6,2025-26,Quantum Mechanics,36.8,F,93.7,Fail,59.6,-22.8
2348028,Physics,PMa,B.Sc. Physics & Mathematics,UG,3,6,2025-26,Quantum Mechanics,53.2,B,66.4,Pass,59.6,-6.4
2348029,Physics,PMa,B.Sc. Physics & Mathematics,UG,3,6,2025-26,Quantum Mechanics,86.9,A+,91.8,Pass,59.6,27.3
2348030,Physics,PMa,B.Sc. Physics & Mathematics,UG,3,6,2025-26,Quantum Mechanics,64.1,B+,80,Pass,59.6,4.5
2348031,Physics,PMa,B.Sc. Physics & Mathematics,UG,3,6,2025-26,Quantum Mechanics,30,F,91.9,Fail,59.6,-29.6
2348032,Physics,PMa,B.Sc. Physics & Mathematics,UG,3,6,2025-26,Quantum Mechanics,35,F,87.4,Fail,59.6,-24.6
2348033,Physics,PMa,B.Sc. Physics & Mathematics,UG,3,6,2025-26,Quantum Mechanics,37.3,F,75.8,Fail,59.6,-22.3
2348034,Physics,PMa,B.Sc. Physics & Mathematics,UG,3,6,2025-26,Quantum Mechanics,54.4,B,96.6,Pass,59.6,-5.2
2348035,Physics,PMa,B.Sc. Physics & Mathematics,UG,3,6,2025-26,Quantum Mechanics,50.8,B,69.4,Pass,59.6,-8.8
2348036,Physics,PMa,B.Sc. Physics & Mathematics,UG,3,6,2025-26,Quantum Mechanics,91.5,O,97.4,Pass,59.6,31.9
2348037,Physics,PMa,B.Sc. Physics & Mathematics,UG,3,6,2025-26,Quantum Mechanics,29.4,F,79.7,Fail,59.6,-30.2
2348038,Physics,PMa,B.Sc. Physics & Mathematics,UG,3,6,2025-26,Quantum Mechanics,30.3,F,94.5,Fail,59.6,-29.3
2348039,Physics,PMa,B.Sc. Physics & Mathematics,UG,3,6,2025-26,Quantum Mechanics,63.4,B+,69.8,Pass,59.6,3.8
2348040,Physics,PMa,B.Sc. Physics & Mathematics,UG,3,6,2025-26,Quantum Mechanics,62.9,B+,97.3,Pass,59.6,3.3
2348041,Physics,PMa,B.Sc. Physics & Mathematics,UG,3,6,2025-26,Quantum Mechanics,47.6,C,75.9,Pass,59.6,-12
2348042,Physics,PMa,B.Sc. Physics & Mathematics,UG,3,6,2025-26,Quantum Mechanics,76.3,A,67.8,Pass,59.6,16.7
2348043,Physics,PMa,B.Sc. Physics & Mathematics,UG,3,6,2025-26,Quantum Mechanics,54.1,B,80,Pass,59.6,-5.5
2348044,Physics,PMa,B.Sc. Physics & Mathematics,UG,3,6,2025-26,Quantum Mechanics,95.2,O,71.1,Pass,59.6,35.6
2348045,Physics,PMa,B.Sc. Physics & Mathematics,UG,3,6,2025-26,Quantum Mechanics,78,A,77.2,Pass,59.6,18.4
2348046,Physics,PMa,B.Sc. Physics & Mathematics,UG,3,6,2025-26,Quantum Mechanics,69.9,B+,86.3,Pass,59.6,10.3
2348047,Physics,PMa,B.Sc. Physics & Mathematics,UG,3,6,2025-26,Quantum Mechanics,76.2,A,90.6,Pass,59.6,16.6
2348048,Physics,PMa,B.Sc. Physics & Mathematics,UG,3,6,2025-26,Quantum Mechanics,66.9,B+,97.5,Pass,59.6,7.3
2348049,Physics,PMa,B.Sc. Physics & Mathematics,UG,3,6,2025-26,Quantum Mechanics,47.9,C,88.2,Pass,59.6,-11.7
2348050,Physics,PMa,B.Sc. Physics & Mathematics,UG,3,6,2025-26,Quantum Mechanics,40.5,C,77.3,Pass,59.6,-19.1
2348051,Physics,PMa,B.Sc. Physics & Mathematics,UG,3,6,2025-26,Quantum Mechanics,85,A+,92.9,Pass,59.6,25.4
2348052,Physics,PMa,B.Sc. Physics & Mathematics,UG,3,6,2025-26,Quantum Mechanics,80.6,A+,95.9,Pass,59.6,21
2348053,Physics,PMa,B.Sc. Physics & Mathematics,UG,3,6,2025-26,Quantum Mechanics,51.9,B,83.2,Pass,59.6,-7.7
2348054,Physics,PMa,B.Sc. Physics & Mathematics,UG,3,6,2025-26,Quantum Mechanics,87.8,A+,82.4,Pass,59.6,28.2
2348055,Physics,PMa,B.Sc. Physics & Mathematics,UG,3,6,2025-26,Quantum Mechanics,39.6,F,91.8,Fail,59.6,-20
2348056,Physics,PMa,B.Sc. Physics & Mathematics,UG,3,6,2025-26,Quantum Mechanics,95.3,O,92,Pass,59.6,35.7
2348057,Physics,PMa,B.Sc. Physics & Mathematics,UG,3,6,2025-26,Quantum Mechanics,70.8,A,67.1,Pass,59.6,11.2
2348058,Physics,PMa,B.Sc. Physics & Mathematics,UG,3,6,2025-26,Quantum Mechanics,28.3,F,86.9,Fail,59.6,-31.3
2348059,Physics,PMa,B.Sc. Physics & Mathematics,UG,3,6,2025-26,Quantum Mechanics,72,A,70.4,Pass,59.6,12.4
2549001,Physics,MSc,M.Sc. Physics,PG,1,2,2025-26,Quantum Mechanics II,34.8,F,64.2,Fail,58.9,-24.1
2549002,Physics,MSc,M.Sc. Physics,PG,1,2,2025-26,Quantum Mechanics II,76.7,A,72.6,Pass,58.9,17.8
2549003,Physics,MSc,M.Sc. Physics,PG,1,2,2025-26,Quantum Mechanics II,36.4,F,77.5,Fail,58.9,-22.5
2549004,Physics,MSc,M.Sc. Physics,PG,1,2,2025-26,Quantum Mechanics II,49.4,C,93.3,Pass,58.9,-9.5
2549005,Physics,MSc,M.Sc. Physics,PG,1,2,2025-26,Quantum Mechanics II,54.5,B,69.5,Pass,58.9,-4.4
2549006,Physics,MSc,M.Sc. Physics,PG,1,2,2025-26,Quantum Mechanics II,52.4,B,66.8,Pass,58.9,-6.5
2549007,Physics,MSc,M.Sc. Physics,PG,1,2,2025-26,Quantum Mechanics II,32.5,F,75.7,Fail,58.9,-26.4
2549008,Physics,MSc,M.Sc. Physics,PG,1,2,2025-26,Quantum Mechanics II,73.2,A,61.4,Pass,58.9,14.3
2549009,Physics,MSc,M.Sc. Physics,PG,1,2,2025-26,Quantum Mechanics II,84.9,A+,77.3,Pass,58.9,26
2549010,Physics,MSc,M.Sc. Physics,PG,1,2,2025-26,Quantum Mechanics II,62.3,B+,97.1,Pass,58.9,3.4
2549011,Physics,MSc,M.Sc. Physics,PG,1,2,2025-26,Quantum Mechanics II,44.7,C,74.4,Pass,58.9,-14.2
2549012,Physics,MSc,M.Sc. Physics,PG,1,2,2025-26,Quantum Mechanics II,54.2,B,90.1,Pass,58.9,-4.7
2549013,Physics,MSc,M.Sc. Physics,PG,1,2,2025-26,Quantum Mechanics II,73.1,A,72.5,Pass,58.9,14.2
2549014,Physics,MSc,M.Sc. Physics,PG,1,2,2025-26,Quantum Mechanics II,36.6,F,68.8,Fail,58.9,-22.3
2549015,Physics,MSc,M.Sc. Physics,PG,1,2,2025-26,Quantum Mechanics II,31.3,F,65.2,Fail,58.9,-27.6
2549016,Physics,MSc,M.Sc. Physics,PG,1,2,2025-26,Quantum Mechanics II,51.9,B,93,Pass,58.9,-7
2549017,Physics,MSc,M.Sc. Physics,PG,1,2,2025-26,Quantum Mechanics II,41.5,C,66.3,Pass,58.9,-17.4
2549018,Physics,MSc,M.Sc. Physics,PG,1,2,2025-26,Quantum Mechanics II,45.3,C,87.9,Pass,58.9,-13.6
2549019,Physics,MSc,M.Sc. Physics,PG,1,2,2025-26,Quantum Mechanics II,86.1,A+,61.7,Pass,58.9,27.2
2549020,Physics,MSc,M.Sc. Physics,PG,1,2,2025-26,Quantum Mechanics II,33.9,F,89.2,Fail,58.9,-25
2549021,Physics,MSc,M.Sc. Physics,PG,1,2,2025-26,Quantum Mechanics II,91.3,O,76.5,Pass,58.9,32.4
2549022,Physics,MSc,M.Sc. Physics,PG,1,2,2025-26,Quantum Mechanics II,62.8,B+,76.7,Pass,58.9,3.9
2549023,Physics,MSc,M.Sc. Physics,PG,1,2,2025-26,Quantum Mechanics II,93.9,O,81.3,Pass,58.9,35
2549024,Physics,MSc,M.Sc. Physics,PG,1,2,2025-26,Quantum Mechanics II,37.3,F,72.1,Fail,58.9,-21.6
2549025,Physics,MSc,M.Sc. Physics,PG,1,2,2025-26,Quantum Mechanics II,48.4,C,73.7,Pass,58.9,-10.5
2549026,Physics,MSc,M.Sc. Physics,PG,1,2,2025-26,Quantum Mechanics II,73.3,A,66.6,Pass,58.9,14.4
2549027,Physics,MSc,M.Sc. Physics,PG,1,2,2025-26,Quantum Mechanics II,32.1,F,68.1,Fail,58.9,-26.8
2549028,Physics,MSc,M.Sc. Physics,PG,1,2,2025-26,Quantum Mechanics II,15.3,F,74.2,Fail,58.9,-43.6
2549029,Physics,MSc,M.Sc. Physics,PG,1,2,2025-26,Quantum Mechanics II,61.2,B+,64.2,Pass,58.9,2.3
2549030,Physics,MSc,M.Sc. Physics,PG,1,2,2025-26,Quantum Mechanics II,72.4,A,96.5,Pass,58.9,13.5
2549031,Physics,MSc,M.Sc. Physics,PG,1,2,2025-26,Quantum Mechanics II,71.4,A,67.2,Pass,58.9,12.5
2549032,Physics,MSc,M.Sc. Physics,PG,1,2,2025-26,Quantum Mechanics II,84.1,A+,67.2,Pass,58.9,25.2
2549033,Physics,MSc,M.Sc. Physics,PG,1,2,2025-26,Quantum Mechanics II,83.7,A+,84.5,Pass,58.9,24.8
2549034,Physics,MSc,M.Sc. Physics,PG,1,2,2025-26,Quantum Mechanics II,33.5,F,82.7,Fail,58.9,-25.4
2549035,Physics,MSc,M.Sc. Physics,PG,1,2,2025-26,Quantum Mechanics II,35.2,F,67.4,Fail,58.9,-23.7
2549036,Physics,MSc,M.Sc. Physics,PG,1,2,2025-26,Quantum Mechanics II,51,B,76.4,Pass,58.9,-7.9
2549037,Physics,MSc,M.Sc. Physics,PG,1,2,2025-26,Quantum Mechanics II,51.7,B,82,Pass,58.9,-7.2
2549038,Physics,MSc,M.Sc. Physics,PG,1,2,2025-26,Quantum Mechanics II,93.4,O,98,Pass,58.9,34.5
2549039,Physics,MSc,M.Sc. Physics,PG,1,2,2025-26,Quantum Mechanics II,72,A,78.7,Pass,58.9,13.1
2549040,Physics,MSc,M.Sc. Physics,PG,1,2,2025-26,Quantum Mechanics II,72.9,A,63.3,Pass,58.9,14
2549041,Physics,MSc,M.Sc. Physics,PG,1,2,2025-26,Quantum Mechanics II,88.5,A+,67,Pass,58.9,29.6
2549042,Physics,MSc,M.Sc. Physics,PG,1,2,2025-26,Quantum Mechanics II,65.7,B+,79.1,Pass,58.9,6.8
2549043,Physics,MSc,M.Sc. Physics,PG,1,2,2025-26,Quantum Mechanics II,57.9,B,62.9,Pass,58.9,-1
2549044,Physics,MSc,M.Sc. Physics,PG,1,2,2025-26,Quantum Mechanics II,84.5,A+,64,Pass,58.9,25.6
2549045,Physics,MSc,M.Sc. Physics,PG,1,2,2025-26,Quantum Mechanics II,44.1,C,62.2,Pass,58.9,-14.8
2549046,Physics,MSc,M.Sc. Physics,PG,1,2,2025-26,Quantum Mechanics II,70.2,A,94.7,Pass,58.9,11.3
2549047,Physics,MSc,M.Sc. Physics,PG,1,2,2025-26,Quantum Mechanics II,74.3,A,89.8,Pass,58.9,15.4
2549048,Physics,MSc,M.Sc. Physics,PG,1,2,2025-26,Quantum Mechanics II,65.3,B+,63.9,Pass,58.9,6.4
2549049,Physics,MSc,M.Sc. Physics,PG,1,2,2025-26,Quantum Mechanics II,67.5,B+,92.7,Pass,58.9,8.6
2549050,Physics,MSc,M.Sc. Physics,PG,1,2,2025-26,Quantum Mechanics II,53.9,B,86.8,Pass,58.9,-5
2549051,Physics,MSc,M.Sc. Physics,PG,1,2,2025-26,Quantum Mechanics II,62.1,B+,65.9,Pass,58.9,3.2
2549052,Physics,MSc,M.Sc. Physics,PG,1,2,2025-26,Quantum Mechanics II,85.5,A+,86.3,Pass,58.9,26.6
2549053,Physics,MSc,M.Sc. Physics,PG,1,2,2025-26,Quantum Mechanics II,31,F,83,Fail,58.9,-27.9
2549054,Physics,MSc,M.Sc. Physics,PG,1,2,2025-26,Quantum Mechanics II,29.4,F,73,Fail,58.9,-29.5
2549055,Physics,MSc,M.Sc. Physics,PG,1,2,2025-26,Quantum Mechanics II,66.7,B+,70.2,Pass,58.9,7.8
2448001,Physics,PMa,B.Sc. Physics & Mathematics,UG,2,4,2025-26,Real Analysis,55.6,B,85.2,Pass,59.8,-4.2
2448002,Physics,PMa,B.Sc. Physics & Mathematics,UG,2,4,2025-26,Real Analysis,62.5,B+,62.3,Pass,59.8,2.7
2448003,Physics,PMa,B.Sc. Physics & Mathematics,UG,2,4,2025-26,Real Analysis,28.4,F,91.7,Fail,59.8,-31.4
2448004,Physics,PMa,B.Sc. Physics & Mathematics,UG,2,4,2025-26,Real Analysis,30.6,F,89.1,Fail,59.8,-29.2
2448005,Physics,PMa,B.Sc. Physics & Mathematics,UG,2,4,2025-26,Real Analysis,81.6,A+,89.2,Pass,59.8,21.8
2448006,Physics,PMa,B.Sc. Physics & Mathematics,UG,2,4,2025-26,Real Analysis,44.1,C,70.3,Pass,59.8,-15.7
2448007,Physics,PMa,B.Sc. Physics & Mathematics,UG,2,4,2025-26,Real Analysis,70.9,A,96.8,Pass,59.8,11.1
2448008,Physics,PMa,B.Sc. Physics & Mathematics,UG,2,4,2025-26,Real Analysis,77.3,A,85.9,Pass,59.8,17.5
2448009,Physics,PMa,B.Sc. Physics & Mathematics,UG,2,4,2025-26,Real Analysis,91.2,O,72,Pass,59.8,31.4
2448010,Physics,PMa,B.Sc. Physics & Mathematics,UG,2,4,2025-26,Real Analysis,52.7,B,65.5,Pass,59.8,-7.1
2448011,Physics,PMa,B.Sc. Physics & Mathematics,UG,2,4,2025-26,Real Analysis,35.3,F,92,Fail,59.8,-24.5
2448012,Physics,PMa,B.Sc. Physics & Mathematics,UG,2,4,2025-26,Real Analysis,79.5,A,91.7,Pass,59.8,19.7
2448013,Physics,PMa,B.Sc. Physics & Mathematics,UG,2,4,2025-26,Real Analysis,93.6,O,72.4,Pass,59.8,33.8
2448014,Physics,PMa,B.Sc. Physics & Mathematics,UG,2,4,2025-26,Real Analysis,64.6,B+,93.3,Pass,59.8,4.8
2448015,Physics,PMa,B.Sc. Physics & Mathematics,UG,2,4,2025-26,Real Analysis,28.3,F,93.6,Fail,59.8,-31.5
2448016,Physics,PMa,B.Sc. Physics & Mathematics,UG,2,4,2025-26,Real Analysis,92.2,O,79.2,Pass,59.8,32.4
2448017,Physics,PMa,B.Sc. Physics & Mathematics,UG,2,4,2025-26,Real Analysis,75.4,A,68.4,Pass,59.8,15.6
2448018,Physics,PMa,B.Sc. Physics & Mathematics,UG,2,4,2025-26,Real Analysis,29.7,F,84.5,Fail,59.8,-30.1
2448019,Physics,PMa,B.Sc. Physics & Mathematics,UG,2,4,2025-26,Real Analysis,64.1,B+,70.3,Pass,59.8,4.3
2448020,Physics,PMa,B.Sc. Physics & Mathematics,UG,2,4,2025-26,Real Analysis,78.5,A,89.4,Pass,59.8,18.7
2448021,Physics,PMa,B.Sc. Physics & Mathematics,UG,2,4,2025-26,Real Analysis,41,C,77.1,Pass,59.8,-18.8
2448022,Physics,PMa,B.Sc. Physics & Mathematics,UG,2,4,2025-26,Real Analysis,38.9,F,87.4,Fail,59.8,-20.9
2448023,Physics,PMa,B.Sc. Physics & Mathematics,UG,2,4,2025-26,Real Analysis,94.9,O,67.4,Pass,59.8,35.1
2448024,Physics,PMa,B.Sc. Physics & Mathematics,UG,2,4,2025-26,Real Analysis,30.3,F,88.6,Fail,59.8,-29.5
2448025,Physics,PMa,B.Sc. Physics & Mathematics,UG,2,4,2025-26,Real Analysis,55.5,B,90.8,Pass,59.8,-4.3
2448026,Physics,PMa,B.Sc. Physics & Mathematics,UG,2,4,2025-26,Real Analysis,87.8,A+,95.4,Pass,59.8,28
2448027,Physics,PMa,B.Sc. Physics & Mathematics,UG,2,4,2025-26,Real Analysis,34.7,F,87.3,Fail,59.8,-25.1
2448028,Physics,PMa,B.Sc. Physics & Mathematics,UG,2,4,2025-26,Real Analysis,55.8,B,90.5,Pass,59.8,-4
2448029,Physics,PMa,B.Sc. Physics & Mathematics,UG,2,4,2025-26,Real Analysis,30.6,F,96.3,Fail,59.8,-29.2
2448030,Physics,PMa,B.Sc. Physics & Mathematics,UG,2,4,2025-26,Real Analysis,76.8,A,66.3,Pass,59.8,17
2448031,Physics,PMa,B.Sc. Physics & Mathematics,UG,2,4,2025-26,Real Analysis,54.7,B,84.9,Pass,59.8,-5.1
2448032,Physics,PMa,B.Sc. Physics & Mathematics,UG,2,4,2025-26,Real Analysis,56.6,B,64.8,Pass,59.8,-3.2
2448033,Physics,PMa,B.Sc. Physics & Mathematics,UG,2,4,2025-26,Real Analysis,82.5,A+,73.7,Pass,59.8,22.7
2448034,Physics,PMa,B.Sc. Physics & Mathematics,UG,2,4,2025-26,Real Analysis,43.4,C,68.3,Pass,59.8,-16.4
2448035,Physics,PMa,B.Sc. Physics & Mathematics,UG,2,4,2025-26,Real Analysis,36.5,F,73.8,Fail,59.8,-23.3
2448036,Physics,PMa,B.Sc. Physics & Mathematics,UG,2,4,2025-26,Real Analysis,28.2,F,73.8,Fail,59.8,-31.6
2448037,Physics,PMa,B.Sc. Physics & Mathematics,UG,2,4,2025-26,Real Analysis,52.6,B,71,Pass,59.8,-7.2
2448038,Physics,PMa,B.Sc. Physics & Mathematics,UG,2,4,2025-26,Real Analysis,15.3,F,93.3,Fail,59.8,-44.5
2448039,Physics,PMa,B.Sc. Physics & Mathematics,UG,2,4,2025-26,Real Analysis,51.6,B,97.1,Pass,59.8,-8.2
2448040,Physics,PMa,B.Sc. Physics & Mathematics,UG,2,4,2025-26,Real Analysis,88.8,A+,95.3,Pass,59.8,29
2448041,Physics,PMa,B.Sc. Physics & Mathematics,UG,2,4,2025-26,Real Analysis,65.7,B+,92.7,Pass,59.8,5.9
2448042,Physics,PMa,B.Sc. Physics & Mathematics,UG,2,4,2025-26,Real Analysis,61.9,B+,69.1,Pass,59.8,2.1
2448043,Physics,PMa,B.Sc. Physics & Mathematics,UG,2,4,2025-26,Real Analysis,53.5,B,93.7,Pass,59.8,-6.3
2448044,Physics,PMa,B.Sc. Physics & Mathematics,UG,2,4,2025-26,Real Analysis,50.5,B,97.5,Pass,59.8,-9.3
2448045,Physics,PMa,B.Sc. Physics & Mathematics,UG,2,4,2025-26,Real Analysis,86.6,A+,79.9,Pass,59.8,26.8
2448046,Physics,PMa,B.Sc. Physics & Mathematics,UG,2,4,2025-26,Real Analysis,84.2,A+,78.5,Pass,59.8,24.4
2448047,Physics,PMa,B.Sc. Physics & Mathematics,UG,2,4,2025-26,Real Analysis,81.9,A+,92.3,Pass,59.8,22.1
2448048,Physics,PMa,B.Sc. Physics & Mathematics,UG,2,4,2025-26,Real Analysis,88.2,A+,72.4,Pass,59.8,28.4
2448049,Physics,PMa,B.Sc. Physics & Mathematics,UG,2,4,2025-26,Real Analysis,89.9,A+,61.9,Pass,59.8,30.1
2448050,Physics,PMa,B.Sc. Physics & Mathematics,UG,2,4,2025-26,Real Analysis,59.1,B,84.1,Pass,59.8,-0.7
2448051,Physics,PMa,B.Sc. Physics & Mathematics,UG,2,4,2025-26,Real Analysis,81.5,A+,64,Pass,59.8,21.7
2448052,Physics,PMa,B.Sc. Physics & Mathematics,UG,2,4,2025-26,Real Analysis,31.7,F,70.1,Fail,59.8,-28.1
2448053,Physics,PMa,B.Sc. Physics & Mathematics,UG,2,4,2025-26,Real Analysis,68.3,B+,61.5,Pass,59.8,8.5
2448054,Physics,PMa,B.Sc. Physics & Mathematics,UG,2,4,2025-26,Real Analysis,31.4,F,98.3,Fail,59.8,-28.4
2448055,Physics,PMa,B.Sc. Physics & Mathematics,UG,2,4,2025-26,Real Analysis,44.5,C,64.7,Pass,59.8,-15.3
2448056,Physics,PMa,B.Sc. Physics & Mathematics,UG,2,4,2025-26,Real Analysis,70.7,A,67.3,Pass,59.8,10.9
2448057,Physics,PMa,B.Sc. Physics & Mathematics,UG,2,4,2025-26,Real Analysis,22.5,F,78,Fail,59.8,-37.3
2448058,Physics,PMa,B.Sc. Physics & Mathematics,UG,2,4,2025-26,Real Analysis,74,A,88.4,Pass,59.8,14.2
2448059,Physics,PMa,B.Sc. Physics & Mathematics,UG,2,4,2025-26,Real Analysis,92.3,O,91.1,Pass,59.8,32.5
2449001,Physics,MSc,M.Sc. Physics,PG,2,4,2025-26,Research Methodology,82.1,A+,90.2,Pass,61.4,20.7
2449002,Physics,MSc,M.Sc. Physics,PG,2,4,2025-26,Research Methodology,51.8,B,71.9,Pass,61.4,-9.6
2449003,Physics,MSc,M.Sc. Physics,PG,2,4,2025-26,Research Methodology,44,C,72.6,Pass,61.4,-17.4
2449004,Physics,MSc,M.Sc. Physics,PG,2,4,2025-26,Research Methodology,32.5,F,77.7,Fail,61.4,-28.9
2449005,Physics,MSc,M.Sc. Physics,PG,2,4,2025-26,Research Methodology,33.4,F,81.5,Fail,61.4,-28
2449006,Physics,MSc,M.Sc. Physics,PG,2,4,2025-26,Research Methodology,89.1,A+,73.9,Pass,61.4,27.7
2449007,Physics,MSc,M.Sc. Physics,PG,2,4,2025-26,Research Methodology,69,B+,70.5,Pass,61.4,7.6
2449008,Physics,MSc,M.Sc. Physics,PG,2,4,2025-26,Research Methodology,87.5,A+,88.6,Pass,61.4,26.1
2449009,Physics,MSc,M.Sc. Physics,PG,2,4,2025-26,Research Methodology,50.2,B,80.9,Pass,61.4,-11.2
2449010,Physics,MSc,M.Sc. Physics,PG,2,4,2025-26,Research Methodology,50.7,B,86.5,Pass,61.4,-10.7
2449011,Physics,MSc,M.Sc. Physics,PG,2,4,2025-26,Research Methodology,31.8,F,78.1,Fail,61.4,-29.6
2449012,Physics,MSc,M.Sc. Physics,PG,2,4,2025-26,Research Methodology,83.4,A+,63.6,Pass,61.4,22
2449013,Physics,MSc,M.Sc. Physics,PG,2,4,2025-26,Research Methodology,45.5,C,81.6,Pass,61.4,-15.9
2449014,Physics,MSc,M.Sc. Physics,PG,2,4,2025-26,Research Methodology,63.6,B+,72.1,Pass,61.4,2.2
2449015,Physics,MSc,M.Sc. Physics,PG,2,4,2025-26,Research Methodology,79.4,A,85.6,Pass,61.4,18
2449016,Physics,MSc,M.Sc. Physics,PG,2,4,2025-26,Research Methodology,52.9,B,62.3,Pass,61.4,-8.5
2449017,Physics,MSc,M.Sc. Physics,PG,2,4,2025-26,Research Methodology,61.9,B+,95.9,Pass,61.4,0.5
2449018,Physics,MSc,M.Sc. Physics,PG,2,4,2025-26,Research Methodology,32.4,F,77.9,Fail,61.4,-29
2449019,Physics,MSc,M.Sc. Physics,PG,2,4,2025-26,Research Methodology,70.6,A,62.3,Pass,61.4,9.2
2449020,Physics,MSc,M.Sc. Physics,PG,2,4,2025-26,Research Methodology,48.3,C,76.9,Pass,61.4,-13.1
2449021,Physics,MSc,M.Sc. Physics,PG,2,4,2025-26,Research Methodology,84,A+,66.1,Pass,61.4,22.6
2449022,Physics,MSc,M.Sc. Physics,PG,2,4,2025-26,Research Methodology,67.4,B+,94.7,Pass,61.4,6
2449023,Physics,MSc,M.Sc. Physics,PG,2,4,2025-26,Research Methodology,95.6,O,74.1,Pass,61.4,34.2
2449024,Physics,MSc,M.Sc. Physics,PG,2,4,2025-26,Research Methodology,34.6,F,98,Fail,61.4,-26.8
2449025,Physics,MSc,M.Sc. Physics,PG,2,4,2025-26,Research Methodology,30.2,F,73.2,Fail,61.4,-31.2
2449026,Physics,MSc,M.Sc. Physics,PG,2,4,2025-26,Research Methodology,29.4,F,61.5,Fail,61.4,-32
2449027,Physics,MSc,M.Sc. Physics,PG,2,4,2025-26,Research Methodology,74.6,A,64.7,Pass,61.4,13.2
2449028,Physics,MSc,M.Sc. Physics,PG,2,4,2025-26,Research Methodology,42.6,C,64.4,Pass,61.4,-18.8
2449029,Physics,MSc,M.Sc. Physics,PG,2,4,2025-26,Research Methodology,55.8,B,70.6,Pass,61.4,-5.6
2449030,Physics,MSc,M.Sc. Physics,PG,2,4,2025-26,Research Methodology,87.4,A+,85.5,Pass,61.4,26
2449031,Physics,MSc,M.Sc. Physics,PG,2,4,2025-26,Research Methodology,37.7,F,76.3,Fail,61.4,-23.7
2449032,Physics,MSc,M.Sc. Physics,PG,2,4,2025-26,Research Methodology,41.5,C,96.1,Pass,61.4,-19.9
2449033,Physics,MSc,M.Sc. Physics,PG,2,4,2025-26,Research Methodology,65.3,B+,95.4,Pass,61.4,3.9
2449034,Physics,MSc,M.Sc. Physics,PG,2,4,2025-26,Research Methodology,70.8,A,93.3,Pass,61.4,9.4
2449035,Physics,MSc,M.Sc. Physics,PG,2,4,2025-26,Research Methodology,70.8,A,75.3,Pass,61.4,9.4
2449036,Physics,MSc,M.Sc. Physics,PG,2,4,2025-26,Research Methodology,60.4,B+,70.3,Pass,61.4,-1
2449037,Physics,MSc,M.Sc. Physics,PG,2,4,2025-26,Research Methodology,39.7,F,80.6,Fail,61.4,-21.7
2449038,Physics,MSc,M.Sc. Physics,PG,2,4,2025-26,Research Methodology,84.6,A+,92.3,Pass,61.4,23.2
2449039,Physics,MSc,M.Sc. Physics,PG,2,4,2025-26,Research Methodology,58.8,B,69.8,Pass,61.4,-2.6
2449040,Physics,MSc,M.Sc. Physics,PG,2,4,2025-26,Research Methodology,38.2,F,87.1,Fail,61.4,-23.2
2449041,Physics,MSc,M.Sc. Physics,PG,2,4,2025-26,Research Methodology,19.3,F,69.3,Fail,61.4,-42.1
2449042,Physics,MSc,M.Sc. Physics,PG,2,4,2025-26,Research Methodology,86.4,A+,72.6,Pass,61.4,25
2449043,Physics,MSc,M.Sc. Physics,PG,2,4,2025-26,Research Methodology,48.1,C,84.1,Pass,61.4,-13.3
2449044,Physics,MSc,M.Sc. Physics,PG,2,4,2025-26,Research Methodology,94.1,O,73.7,Pass,61.4,32.7
2449045,Physics,MSc,M.Sc. Physics,PG,2,4,2025-26,Research Methodology,61.8,B+,72.8,Pass,61.4,0.4
2449046,Physics,MSc,M.Sc. Physics,PG,2,4,2025-26,Research Methodology,88.5,A+,78,Pass,61.4,27.1
2449047,Physics,MSc,M.Sc. Physics,PG,2,4,2025-26,Research Methodology,65.7,B+,92.2,Pass,61.4,4.3
2449048,Physics,MSc,M.Sc. Physics,PG,2,4,2025-26,Research Methodology,79.2,A,68.6,Pass,61.4,17.8
2449049,Physics,MSc,M.Sc. Physics,PG,2,4,2025-26,Research Methodology,95.9,O,87.7,Pass,61.4,34.5
2449050,Physics,MSc,M.Sc. Physics,PG,2,4,2025-26,Research Methodology,89.1,C,73,Pass,61.4,27.7
2449051,Physics,MSc,M.Sc. Physics,PG,2,4,2025-26,Research Methodology,86.3,A+,79.9,Pass,61.4,24.9
2449052,Physics,MSc,M.Sc. Physics,PG,2,4,2025-26,Research Methodology,82.5,A+,74.6,Pass,61.4,21.1
2449053,Physics,MSc,M.Sc. Physics,PG,2,4,2025-26,Research Methodology,50,B,62,Pass,61.4,-11.4
2449054,Physics,MSc,M.Sc. Physics,PG,2,4,2025-26,Research Methodology,58.3,B,87.7,Pass,61.4,-3.1
2449055,Physics,MSc,M.Sc. Physics,PG,2,4,2025-26,Research Methodology,40.3,C,84.9,Pass,61.4,-21.1
2347001,Physics,PC,B.Sc. Physics Core,UG,3,6,2025-26,Solid State Physics,31.4,F,69.3,Fail,59.7,-28.3
2347002,Physics,PC,B.Sc. Physics Core,UG,3,6,2025-26,Solid State Physics,29.2,F,79.5,Fail,59.7,-30.5
2347003,Physics,PC,B.Sc. Physics Core,UG,3,6,2025-26,Solid State Physics,83.7,A+,78.5,Pass,59.7,24
2347004,Physics,PC,B.Sc. Physics Core,UG,3,6,2025-26,Solid State Physics,84.6,A+,86.8,Pass,59.7,24.9
2347005,Physics,PC,B.Sc. Physics Core,UG,3,6,2025-26,Solid State Physics,39.1,F,62.8,Fail,59.7,-20.6
2347006,Physics,PC,B.Sc. Physics Core,UG,3,6,2025-26,Solid State Physics,38.7,F,69.4,Fail,59.7,-21
2347007,Physics,PC,B.Sc. Physics Core,UG,3,6,2025-26,Solid State Physics,24.2,F,69.5,Fail,59.7,-35.5
2347008,Physics,PC,B.Sc. Physics Core,UG,3,6,2025-26,Solid State Physics,15.5,F,60.2,Fail,59.7,-44.2
2347009,Physics,PC,B.Sc. Physics Core,UG,3,6,2025-26,Solid State Physics,87.8,A+,89.3,Pass,59.7,28.1
2347010,Physics,PC,B.Sc. Physics Core,UG,3,6,2025-26,Solid State Physics,88.7,A+,85.1,Pass,59.7,29
2347011,Physics,PC,B.Sc. Physics Core,UG,3,6,2025-26,Solid State Physics,84.2,A+,79.7,Pass,59.7,24.5
2347012,Physics,PC,B.Sc. Physics Core,UG,3,6,2025-26,Solid State Physics,35.1,F,61.2,Fail,59.7,-24.6
2347013,Physics,PC,B.Sc. Physics Core,UG,3,6,2025-26,Solid State Physics,78.9,A,79.1,Pass,59.7,19.2
2347014,Physics,PC,B.Sc. Physics Core,UG,3,6,2025-26,Solid State Physics,77.6,A,69.8,Pass,59.7,17.9
2347015,Physics,PC,B.Sc. Physics Core,UG,3,6,2025-26,Solid State Physics,70,A,78.7,Pass,59.7,10.3
2347016,Physics,PC,B.Sc. Physics Core,UG,3,6,2025-26,Solid State Physics,46.3,C,71.9,Pass,59.7,-13.4
2347017,Physics,PC,B.Sc. Physics Core,UG,3,6,2025-26,Solid State Physics,88.8,A+,78.1,Pass,59.7,29.1
2347018,Physics,PC,B.Sc. Physics Core,UG,3,6,2025-26,Solid State Physics,46.3,C,92,Pass,59.7,-13.4
2347019,Physics,PC,B.Sc. Physics Core,UG,3,6,2025-26,Solid State Physics,83.8,A+,80.4,Pass,59.7,24.1
2549001,Physics,MSc,M.Sc. Physics,PG,1,2,2025-26,Statistical Mechanics,63.5,B+,64.2,Pass,56,7.5
2549002,Physics,MSc,M.Sc. Physics,PG,1,2,2025-26,Statistical Mechanics,39.5,F,72.6,Fail,56,-16.5
2549003,Physics,MSc,M.Sc. Physics,PG,1,2,2025-26,Statistical Mechanics,67.6,B+,77.5,Pass,56,11.6
2549004,Physics,MSc,M.Sc. Physics,PG,1,2,2025-26,Statistical Mechanics,83.5,A+,93.3,Pass,56,27.5
2549005,Physics,MSc,M.Sc. Physics,PG,1,2,2025-26,Statistical Mechanics,43.1,C,69.5,Pass,56,-12.9
2549006,Physics,MSc,M.Sc. Physics,PG,1,2,2025-26,Statistical Mechanics,94.1,O,66.8,Pass,56,38.1
2549007,Physics,MSc,M.Sc. Physics,PG,1,2,2025-26,Statistical Mechanics,84.2,A+,75.7,Pass,56,28.2
2549008,Physics,MSc,M.Sc. Physics,PG,1,2,2025-26,Statistical Mechanics,38.6,F,61.4,Fail,56,-17.4
2549009,Physics,MSc,M.Sc. Physics,PG,1,2,2025-26,Statistical Mechanics,38.8,F,77.3,Fail,56,-17.2
2549010,Physics,MSc,M.Sc. Physics,PG,1,2,2025-26,Statistical Mechanics,58.8,B,97.1,Pass,56,2.8
2549011,Physics,MSc,M.Sc. Physics,PG,1,2,2025-26,Statistical Mechanics,42.5,C,74.4,Pass,56,-13.5
2549012,Physics,MSc,M.Sc. Physics,PG,1,2,2025-26,Statistical Mechanics,66.6,B+,90.1,Pass,56,10.6
2549013,Physics,MSc,M.Sc. Physics,PG,1,2,2025-26,Statistical Mechanics,66.2,B+,72.5,Pass,56,10.2
2549014,Physics,MSc,M.Sc. Physics,PG,1,2,2025-26,Statistical Mechanics,47.2,C,68.8,Pass,56,-8.8
2549015,Physics,MSc,M.Sc. Physics,PG,1,2,2025-26,Statistical Mechanics,73.1,A,65.2,Pass,56,17.1
2549016,Physics,MSc,M.Sc. Physics,PG,1,2,2025-26,Statistical Mechanics,40.4,C,93,Pass,56,-15.6
2549017,Physics,MSc,M.Sc. Physics,PG,1,2,2025-26,Statistical Mechanics,22.5,F,66.3,Fail,56,-33.5
2549018,Physics,MSc,M.Sc. Physics,PG,1,2,2025-26,Statistical Mechanics,74.5,A,87.9,Pass,56,18.5
2549019,Physics,MSc,M.Sc. Physics,PG,1,2,2025-26,Statistical Mechanics,31.2,F,61.7,Fail,56,-24.8
2549020,Physics,MSc,M.Sc. Physics,PG,1,2,2025-26,Statistical Mechanics,54.8,B,89.2,Pass,56,-1.2
2549021,Physics,MSc,M.Sc. Physics,PG,1,2,2025-26,Statistical Mechanics,78.2,A,76.5,Pass,56,22.2
2549022,Physics,MSc,M.Sc. Physics,PG,1,2,2025-26,Statistical Mechanics,36.7,F,76.7,Fail,56,-19.3
2549023,Physics,MSc,M.Sc. Physics,PG,1,2,2025-26,Statistical Mechanics,65,B+,81.3,Pass,56,9
2549024,Physics,MSc,M.Sc. Physics,PG,1,2,2025-26,Statistical Mechanics,73.6,A,72.1,Pass,56,17.6
2549025,Physics,MSc,M.Sc. Physics,PG,1,2,2025-26,Statistical Mechanics,37.6,F,73.7,Fail,56,-18.4
2549026,Physics,MSc,M.Sc. Physics,PG,1,2,2025-26,Statistical Mechanics,59.4,B,66.6,Pass,56,3.4
2549027,Physics,MSc,M.Sc. Physics,PG,1,2,2025-26,Statistical Mechanics,41.4,C,68.1,Pass,56,-14.6
2549028,Physics,MSc,M.Sc. Physics,PG,1,2,2025-26,Statistical Mechanics,95.5,O,74.2,Pass,56,39.5
2549029,Physics,MSc,M.Sc. Physics,PG,1,2,2025-26,Statistical Mechanics,40.9,C,64.2,Pass,56,-15.1
2549030,Physics,MSc,M.Sc. Physics,PG,1,2,2025-26,Statistical Mechanics,44.7,C,96.5,Pass,56,-11.3
2549031,Physics,MSc,M.Sc. Physics,PG,1,2,2025-26,Statistical Mechanics,91,O,67.2,Pass,56,35
2549032,Physics,MSc,M.Sc. Physics,PG,1,2,2025-26,Statistical Mechanics,53.1,B,67.2,Pass,56,-2.9
2549033,Physics,MSc,M.Sc. Physics,PG,1,2,2025-26,Statistical Mechanics,89.6,A+,84.5,Pass,56,33.6
2549034,Physics,MSc,M.Sc. Physics,PG,1,2,2025-26,Statistical Mechanics,39.1,F,82.7,Fail,56,-16.9
2549035,Physics,MSc,M.Sc. Physics,PG,1,2,2025-26,Statistical Mechanics,86.2,A+,67.4,Pass,56,30.2
2549036,Physics,MSc,M.Sc. Physics,PG,1,2,2025-26,Statistical Mechanics,73.3,A,76.4,Pass,56,17.3
2549037,Physics,MSc,M.Sc. Physics,PG,1,2,2025-26,Statistical Mechanics,33.8,F,82,Fail,56,-22.2
2549038,Physics,MSc,M.Sc. Physics,PG,1,2,2025-26,Statistical Mechanics,31.2,F,98,Fail,56,-24.8
2549039,Physics,MSc,M.Sc. Physics,PG,1,2,2025-26,Statistical Mechanics,51.4,B,78.7,Pass,56,-4.6
2549040,Physics,MSc,M.Sc. Physics,PG,1,2,2025-26,Statistical Mechanics,67.5,B+,63.3,Pass,56,11.5
2549041,Physics,MSc,M.Sc. Physics,PG,1,2,2025-26,Statistical Mechanics,35.6,F,67,Fail,56,-20.4
2549042,Physics,MSc,M.Sc. Physics,PG,1,2,2025-26,Statistical Mechanics,66.9,B+,79.1,Pass,56,10.9
2549043,Physics,MSc,M.Sc. Physics,PG,1,2,2025-26,Statistical Mechanics,65.4,B+,62.9,Pass,56,9.4
2549044,Physics,MSc,M.Sc. Physics,PG,1,2,2025-26,Statistical Mechanics,39.6,F,64,Fail,56,-16.4
2549045,Physics,MSc,M.Sc. Physics,PG,1,2,2025-26,Statistical Mechanics,29,F,62.2,Fail,56,-27
2549046,Physics,MSc,M.Sc. Physics,PG,1,2,2025-26,Statistical Mechanics,66.3,B+,94.7,Pass,56,10.3
2549047,Physics,MSc,M.Sc. Physics,PG,1,2,2025-26,Statistical Mechanics,36.3,F,89.8,Fail,56,-19.7
2549048,Physics,MSc,M.Sc. Physics,PG,1,2,2025-26,Statistical Mechanics,35.7,F,63.9,Fail,56,-20.3
2549049,Physics,MSc,M.Sc. Physics,PG,1,2,2025-26,Statistical Mechanics,29.4,F,92.7,Fail,56,-26.6
2549050,Physics,MSc,M.Sc. Physics,PG,1,2,2025-26,Statistical Mechanics,87.5,A+,86.8,Pass,56,31.5
2549051,Physics,MSc,M.Sc. Physics,PG,1,2,2025-26,Statistical Mechanics,19.4,F,65.9,Fail,56,-36.6
2549052,Physics,MSc,M.Sc. Physics,PG,1,2,2025-26,Statistical Mechanics,87.4,A+,66.2,Pass,56,31.4
2549053,Physics,MSc,M.Sc. Physics,PG,1,2,2025-26,Statistical Mechanics,52.5,B,83,Pass,56,-3.5
2549054,Physics,MSc,M.Sc. Physics,PG,1,2,2025-26,Statistical Mechanics,18.5,F,73,Fail,56,-37.5
2549055,Physics,MSc,M.Sc. Physics,PG,1,2,2025-26,Statistical Mechanics,93.1,O,70.2,Pass,56,37.1
2447001,Physics,PC,B.Sc. Physics Core,UG,2,4,2025-26,Thermodynamics,52.8,B,97.2,Pass,62.5,-9.7
2447002,Physics,PC,B.Sc. Physics Core,UG,2,4,2025-26,Thermodynamics,72.4,A,78.7,Pass,62.5,9.9
2447003,Physics,PC,B.Sc. Physics Core,UG,2,4,2025-26,Thermodynamics,81.7,A+,67,Pass,62.5,19.2
2447004,Physics,PC,B.Sc. Physics Core,UG,2,4,2025-26,Thermodynamics,36.6,F,66.6,Fail,62.5,-25.9
2447005,Physics,PC,B.Sc. Physics Core,UG,2,4,2025-26,Thermodynamics,65.3,B+,73.7,Pass,62.5,2.8
2447006,Physics,PC,B.Sc. Physics Core,UG,2,4,2025-26,Thermodynamics,84.2,A+,94,Pass,62.5,21.7
2447007,Physics,PC,B.Sc. Physics Core,UG,2,4,2025-26,Thermodynamics,89.9,A+,65.1,Pass,62.5,27.4
2447008,Physics,PC,B.Sc. Physics Core,UG,2,4,2025-26,Thermodynamics,25.6,F,80.7,Fail,62.5,-36.9
2447009,Physics,PC,B.Sc. Physics Core,UG,2,4,2025-26,Thermodynamics,63.2,B+,72.7,Pass,62.5,0.7
2447010,Physics,PC,B.Sc. Physics Core,UG,2,4,2025-26,Thermodynamics,66.2,B+,80.4,Pass,62.5,3.7
2447011,Physics,PC,B.Sc. Physics Core,UG,2,4,2025-26,Thermodynamics,64.3,B+,77.6,Pass,62.5,1.8
2447012,Physics,PC,B.Sc. Physics Core,UG,2,4,2025-26,Thermodynamics,85.1,A+,96.8,Pass,62.5,22.6
2447013,Physics,PC,B.Sc. Physics Core,UG,2,4,2025-26,Thermodynamics,89,A+,90.6,Pass,62.5,26.5
2447014,Physics,PC,B.Sc. Physics Core,UG,2,4,2025-26,Thermodynamics,55.1,B,97.1,Pass,62.5,-7.4
2447015,Physics,PC,B.Sc. Physics Core,UG,2,4,2025-26,Thermodynamics,49.7,C,67.6,Pass,62.5,-12.8
2447016,Physics,PC,B.Sc. Physics Core,UG,2,4,2025-26,Thermodynamics,95,O,62.5,Pass,62.5,32.5
2447017,Physics,PC,B.Sc. Physics Core,UG,2,4,2025-26,Thermodynamics,90,O,76.5,Pass,62.5,27.5
2447018,Physics,PC,B.Sc. Physics Core,UG,2,4,2025-26,Thermodynamics,74.8,A,62.2,Pass,62.5,12.3
2447019,Physics,PC,B.Sc. Physics Core,UG,2,4,2025-26,Thermodynamics,86.7,A+,62.6,Pass,62.5,24.2
2448001,Physics,PMa,B.Sc. Physics & Mathematics,UG,2,4,2025-26,Thermodynamics,91,B,85.2,Pass,62.5,28.5
2448002,Physics,PMa,B.Sc. Physics & Mathematics,UG,2,4,2025-26,Thermodynamics,28.2,F,74.4,Fail,62.5,-34.3
2448003,Physics,PMa,B.Sc. Physics & Mathematics,UG,2,4,2025-26,Thermodynamics,39.9,F,91.7,Fail,62.5,-22.6
2448004,Physics,PMa,B.Sc. Physics & Mathematics,UG,2,4,2025-26,Thermodynamics,59.6,B,89.1,Pass,62.5,-2.9
2448005,Physics,PMa,B.Sc. Physics & Mathematics,UG,2,4,2025-26,Thermodynamics,75.3,A,89.2,Pass,62.5,12.8
2448006,Physics,PMa,B.Sc. Physics & Mathematics,UG,2,4,2025-26,Thermodynamics,71.7,A,70.3,Pass,62.5,9.2
2448007,Physics,PMa,B.Sc. Physics & Mathematics,UG,2,4,2025-26,Thermodynamics,78.7,A,96.8,Pass,62.5,16.2
2448008,Physics,PMa,B.Sc. Physics & Mathematics,UG,2,4,2025-26,Thermodynamics,94.6,O,85.9,Pass,62.5,32.1
2448009,Physics,PMa,B.Sc. Physics & Mathematics,UG,2,4,2025-26,Thermodynamics,42.4,C,72,Pass,62.5,-20.1
2448010,Physics,PMa,B.Sc. Physics & Mathematics,UG,2,4,2025-26,Thermodynamics,31.6,F,65.5,Fail,62.5,-30.9
2448011,Physics,PMa,B.Sc. Physics & Mathematics,UG,2,4,2025-26,Thermodynamics,35.8,F,92,Fail,62.5,-26.7
2448012,Physics,PMa,B.Sc. Physics & Mathematics,UG,2,4,2025-26,Thermodynamics,71.1,A,91.7,Pass,62.5,8.6
2448013,Physics,PMa,B.Sc. Physics & Mathematics,UG,2,4,2025-26,Thermodynamics,21.2,F,72.4,Fail,62.5,-41.3
2448014,Physics,PMa,B.Sc. Physics & Mathematics,UG,2,4,2025-26,Thermodynamics,24.9,F,93.2,Fail,62.5,-37.6
2448015,Physics,PMa,B.Sc. Physics & Mathematics,UG,2,4,2025-26,Thermodynamics,29,F,93.6,Fail,62.5,-33.5
2448016,Physics,PMa,B.Sc. Physics & Mathematics,UG,2,4,2025-26,Thermodynamics,82.2,A+,79.2,Pass,62.5,19.7
2448017,Physics,PMa,B.Sc. Physics & Mathematics,UG,2,4,2025-26,Thermodynamics,75.6,A,68.4,Pass,62.5,13.1
2448018,Physics,PMa,B.Sc. Physics & Mathematics,UG,2,4,2025-26,Thermodynamics,52.2,B,84.5,Pass,62.5,-10.3
2448019,Physics,PMa,B.Sc. Physics & Mathematics,UG,2,4,2025-26,Thermodynamics,89.3,A+,70.3,Pass,62.5,26.8
2448020,Physics,PMa,B.Sc. Physics & Mathematics,UG,2,4,2025-26,Thermodynamics,71.9,A,89.4,Pass,62.5,9.4
2448021,Physics,PMa,B.Sc. Physics & Mathematics,UG,2,4,2025-26,Thermodynamics,80.6,A+,77.1,Pass,62.5,18.1
2448022,Physics,PMa,B.Sc. Physics & Mathematics,UG,2,4,2025-26,Thermodynamics,85.4,A+,87.4,Pass,62.5,22.9
2448023,Physics,PMa,B.Sc. Physics & Mathematics,UG,2,4,2025-26,Thermodynamics,94.3,O,67.4,Pass,62.5,31.8
2448024,Physics,PMa,B.Sc. Physics & Mathematics,UG,2,4,2025-26,Thermodynamics,57.6,B,88.6,Pass,62.5,-4.9
2448025,Physics,PMa,B.Sc. Physics & Mathematics,UG,2,4,2025-26,Thermodynamics,75.2,A,90.8,Pass,62.5,12.7
2448026,Physics,PMa,B.Sc. Physics & Mathematics,UG,2,4,2025-26,Thermodynamics,57.2,B,95.4,Pass,62.5,-5.3
2448027,Physics,PMa,B.Sc. Physics & Mathematics,UG,2,4,2025-26,Thermodynamics,86,A+,87.3,Pass,62.5,23.5
2448028,Physics,PMa,B.Sc. Physics & Mathematics,UG,2,4,2025-26,Thermodynamics,76.5,A,90.5,Pass,62.5,14
2448029,Physics,PMa,B.Sc. Physics & Mathematics,UG,2,4,2025-26,Thermodynamics,40.4,C,96.3,Pass,62.5,-22.1
2448030,Physics,PMa,B.Sc. Physics & Mathematics,UG,2,4,2025-26,Thermodynamics,81.2,A+,66.3,Pass,62.5,18.7
2448031,Physics,PMa,B.Sc. Physics & Mathematics,UG,2,4,2025-26,Thermodynamics,84.4,A+,84.9,Pass,62.5,21.9
2448032,Physics,PMa,B.Sc. Physics & Mathematics,UG,2,4,2025-26,Thermodynamics,89.9,O,64.8,Pass,62.5,27.4
2448033,Physics,PMa,B.Sc. Physics & Mathematics,UG,2,4,2025-26,Thermodynamics,46,C,73.7,Pass,62.5,-16.5
2448034,Physics,PMa,B.Sc. Physics & Mathematics,UG,2,4,2025-26,Thermodynamics,36.8,F,68.3,Fail,62.5,-25.7
2448035,Physics,PMa,B.Sc. Physics & Mathematics,UG,2,4,2025-26,Thermodynamics,71.4,A,73.8,Pass,62.5,8.9
2448036,Physics,PMa,B.Sc. Physics & Mathematics,UG,2,4,2025-26,Thermodynamics,85.8,A+,73.8,Pass,62.5,23.3
2448037,Physics,PMa,B.Sc. Physics & Mathematics,UG,2,4,2025-26,Thermodynamics,44.7,C,71,Pass,62.5,-17.8
2448038,Physics,PMa,B.Sc. Physics & Mathematics,UG,2,4,2025-26,Thermodynamics,31.9,F,93.3,Fail,62.5,-30.6
2448039,Physics,PMa,B.Sc. Physics & Mathematics,UG,2,4,2025-26,Thermodynamics,72.6,A,97.1,Pass,62.5,10.1
2448040,Physics,PMa,B.Sc. Physics & Mathematics,UG,2,4,2025-26,Thermodynamics,81.8,A+,95.3,Pass,62.5,19.3
2448041,Physics,PMa,B.Sc. Physics & Mathematics,UG,2,4,2025-26,Thermodynamics,41.4,C,92.7,Pass,62.5,-21.1
2448042,Physics,PMa,B.Sc. Physics & Mathematics,UG,2,4,2025-26,Thermodynamics,37.5,F,69.1,Fail,62.5,-25
2448043,Physics,PMa,B.Sc. Physics & Mathematics,UG,2,4,2025-26,Thermodynamics,28.4,F,93.7,Fail,62.5,-34.1
2448044,Physics,PMa,B.Sc. Physics & Mathematics,UG,2,4,2025-26,Thermodynamics,33.1,F,97.5,Fail,62.5,-29.4
2448045,Physics,PMa,B.Sc. Physics & Mathematics,UG,2,4,2025-26,Thermodynamics,61,B+,79.9,Pass,62.5,-1.5
2448046,Physics,PMa,B.Sc. Physics & Mathematics,UG,2,4,2025-26,Thermodynamics,63.7,B+,70.2,Pass,62.5,1.2
2448047,Physics,PMa,B.Sc. Physics & Mathematics,UG,2,4,2025-26,Thermodynamics,55.5,B,92.3,Pass,62.5,-7
2448048,Physics,PMa,B.Sc. Physics & Mathematics,UG,2,4,2025-26,Thermodynamics,48.3,C,72.4,Pass,62.5,-14.2
2448049,Physics,PMa,B.Sc. Physics & Mathematics,UG,2,4,2025-26,Thermodynamics,75.3,F,61.9,Fail,62.5,12.8
2448050,Physics,PMa,B.Sc. Physics & Mathematics,UG,2,4,2025-26,Thermodynamics,70.6,A,84.1,Pass,62.5,8.1
2448051,Physics,PMa,B.Sc. Physics & Mathematics,UG,2,4,2025-26,Thermodynamics,33.6,F,64,Fail,62.5,-28.9
2448052,Physics,PMa,B.Sc. Physics & Mathematics,UG,2,4,2025-26,Thermodynamics,48.5,C,70.1,Pass,62.5,-14
2448053,Physics,PMa,B.Sc. Physics & Mathematics,UG,2,4,2025-26,Thermodynamics,36.1,F,61.5,Fail,62.5,-26.4
2448054,Physics,PMa,B.Sc. Physics & Mathematics,UG,2,4,2025-26,Thermodynamics,60.3,B+,98.3,Pass,62.5,-2.2
2448055,Physics,PMa,B.Sc. Physics & Mathematics,UG,2,4,2025-26,Thermodynamics,93.7,O,64.7,Pass,62.5,31.2
2448056,Physics,PMa,B.Sc. Physics & Mathematics,UG,2,4,2025-26,Thermodynamics,31.4,F,67.3,Fail,62.5,-31.1
2448057,Physics,PMa,B.Sc. Physics & Mathematics,UG,2,4,2025-26,Thermodynamics,91.4,O,78,Pass,62.5,28.9
2448058,Physics,PMa,B.Sc. Physics & Mathematics,UG,2,4,2025-26,Thermodynamics,39.3,F,88.4,Fail,62.5,-23.2
2448059,Physics,PMa,B.Sc. Physics & Mathematics,UG,2,4,2025-26,Thermodynamics,52.7,B,91.1,Pass,62.5,-9.8
2547001,Physics,PC,B.Sc. Physics Core,UG,1,2,2025-26,Waves and Optics,32.9,F,72.6,Fail,56.3,-23.4
2547002,Physics,PC,B.Sc. Physics Core,UG,1,2,2025-26,Waves and Optics,84.2,A+,62.7,Pass,56.3,27.9
2547003,Physics,PC,B.Sc. Physics Core,UG,1,2,2025-26,Waves and Optics,47.7,C,75.5,Pass,56.3,-8.6
2547004,Physics,PC,B.Sc. Physics Core,UG,1,2,2025-26,Waves and Optics,16.4,F,82.7,Fail,56.3,-39.9
2547005,Physics,PC,B.Sc. Physics Core,UG,1,2,2025-26,Waves and Optics,82,A+,82.8,Pass,56.3,25.7
2547006,Physics,PC,B.Sc. Physics Core,UG,1,2,2025-26,Waves and Optics,36,F,88.4,Fail,56.3,-20.3
2547007,Physics,PC,B.Sc. Physics Core,UG,1,2,2025-26,Waves and Optics,49.3,C,89.8,Pass,56.3,-7
2547008,Physics,PC,B.Sc. Physics Core,UG,1,2,2025-26,Waves and Optics,32.1,F,96.8,Fail,56.3,-24.2
2547009,Physics,PC,B.Sc. Physics Core,UG,1,2,2025-26,Waves and Optics,39.4,F,75,Fail,56.3,-16.9
2547010,Physics,PC,B.Sc. Physics Core,UG,1,2,2025-26,Waves and Optics,58.5,B,75.2,Pass,56.3,2.2
2547011,Physics,PC,B.Sc. Physics Core,UG,1,2,2025-26,Waves and Optics,93.1,O,76.2,Pass,56.3,36.8
2547012,Physics,PC,B.Sc. Physics Core,UG,1,2,2025-26,Waves and Optics,53.1,B,83,Pass,56.3,-3.2
2547013,Physics,PC,B.Sc. Physics Core,UG,1,2,2025-26,Waves and Optics,81,A+,86.4,Pass,56.3,24.7
2547014,Physics,PC,B.Sc. Physics Core,UG,1,2,2025-26,Waves and Optics,39,F,84.7,Fail,56.3,-17.3
2547015,Physics,PC,B.Sc. Physics Core,UG,1,2,2025-26,Waves and Optics,38.1,F,61,Fail,56.3,-18.2
2547016,Physics,PC,B.Sc. Physics Core,UG,1,2,2025-26,Waves and Optics,33.8,F,98.7,Fail,56.3,-22.5
2547017,Physics,PC,B.Sc. Physics Core,UG,1,2,2025-26,Waves and Optics,38,F,60.9,Fail,56.3,-18.3
2547018,Physics,PC,B.Sc. Physics Core,UG,1,2,2025-26,Waves and Optics,39.4,F,87.2,Fail,56.3,-16.9
2547019,Physics,PC,B.Sc. Physics Core,UG,1,2,2025-26,Waves and Optics,82.8,A+,91.6,Pass,56.3,26.5
2547020,Physics,PC,B.Sc. Physics Core,UG,1,2,2025-26,Waves and Optics,45.6,C,61.1,Pass,56.3,-10.7
2548001,Physics,PMa,B.Sc. Physics & Mathematics,UG,1,2,2025-26,Waves and Optics,37.6,F,79,Fail,56.3,-18.7
2548002,Physics,PMa,B.Sc. Physics & Mathematics,UG,1,2,2025-26,Waves and Optics,76.5,A,60.1,Pass,56.3,20.2
2548003,Physics,PMa,B.Sc. Physics & Mathematics,UG,1,2,2025-26,Waves and Optics,17.4,F,75.3,Fail,56.3,-38.9
2548004,Physics,PMa,B.Sc. Physics & Mathematics,UG,1,2,2025-26,Waves and Optics,53.4,B,96.5,Pass,56.3,-2.9
2548005,Physics,PMa,B.Sc. Physics & Mathematics,UG,1,2,2025-26,Waves and Optics,31.4,F,84.6,Fail,56.3,-24.9
2548006,Physics,PMa,B.Sc. Physics & Mathematics,UG,1,2,2025-26,Waves and Optics,51.4,B,85.1,Pass,56.3,-4.9
2548007,Physics,PMa,B.Sc. Physics & Mathematics,UG,1,2,2025-26,Waves and Optics,39.4,F,70.1,Fail,56.3,-16.9
2548008,Physics,PMa,B.Sc. Physics & Mathematics,UG,1,2,2025-26,Waves and Optics,37.5,F,79.4,Fail,56.3,-18.8
2548009,Physics,PMa,B.Sc. Physics & Mathematics,UG,1,2,2025-26,Waves and Optics,79,A,63.6,Pass,56.3,22.7
2548010,Physics,PMa,B.Sc. Physics & Mathematics,UG,1,2,2025-26,Waves and Optics,62.2,B+,74.7,Pass,56.3,5.9
2548011,Physics,PMa,B.Sc. Physics & Mathematics,UG,1,2,2025-26,Waves and Optics,85.7,A+,70.6,Pass,56.3,29.4
2548012,Physics,PMa,B.Sc. Physics & Mathematics,UG,1,2,2025-26,Waves and Optics,91,O,94.9,Pass,56.3,34.7
2548013,Physics,PMa,B.Sc. Physics & Mathematics,UG,1,2,2025-26,Waves and Optics,92,O,69.7,Pass,56.3,35.7
2548014,Physics,PMa,B.Sc. Physics & Mathematics,UG,1,2,2025-26,Waves and Optics,71.9,A,77.8,Pass,56.3,15.6
2548015,Physics,PMa,B.Sc. Physics & Mathematics,UG,1,2,2025-26,Waves and Optics,67.6,B+,84.8,Pass,56.3,11.3
2548016,Physics,PMa,B.Sc. Physics & Mathematics,UG,1,2,2025-26,Waves and Optics,88.1,A+,60.4,Pass,56.3,31.8
2548017,Physics,PMa,B.Sc. Physics & Mathematics,UG,1,2,2025-26,Waves and Optics,73.9,A,97.5,Pass,56.3,17.6
2548018,Physics,PMa,B.Sc. Physics & Mathematics,UG,1,2,2025-26,Waves and Optics,41.5,C,96.1,Pass,56.3,-14.8
2548019,Physics,PMa,B.Sc. Physics & Mathematics,UG,1,2,2025-26,Waves and Optics,43.1,C,68,Pass,56.3,-13.2
2548020,Physics,PMa,B.Sc. Physics & Mathematics,UG,1,2,2025-26,Waves and Optics,92.5,O,79.3,Pass,56.3,36.2
2548021,Physics,PMa,B.Sc. Physics & Mathematics,UG,1,2,2025-26,Waves and Optics,88.1,A+,98,Pass,56.3,31.8
2548022,Physics,PMa,B.Sc. Physics & Mathematics,UG,1,2,2025-26,Waves and Optics,53.7,B,72.8,Pass,56.3,-2.6
2548023,Physics,PMa,B.Sc. Physics & Mathematics,UG,1,2,2025-26,Waves and Optics,93.6,O,60.1,Pass,56.3,37.3
2548024,Physics,PMa,B.Sc. Physics & Mathematics,UG,1,2,2025-26,Waves and Optics,41.1,C,92.1,Pass,56.3,-15.2
2548025,Physics,PMa,B.Sc. Physics & Mathematics,UG,1,2,2025-26,Waves and Optics,45.5,C,91.7,Pass,56.3,-10.8
2548026,Physics,PMa,B.Sc. Physics & Mathematics,UG,1,2,2025-26,Waves and Optics,49.5,C,70.6,Pass,56.3,-6.8
2548027,Physics,PMa,B.Sc. Physics & Mathematics,UG,1,2,2025-26,Waves and Optics,60.3,B+,95.7,Pass,56.3,4
2548028,Physics,PMa,B.Sc. Physics & Mathematics,UG,1,2,2025-26,Waves and Optics,82.6,A+,69.8,Pass,56.3,26.3
2548029,Physics,PMa,B.Sc. Physics & Mathematics,UG,1,2,2025-26,Waves and Optics,33.4,F,83.7,Fail,56.3,-22.9
2548030,Physics,PMa,B.Sc. Physics & Mathematics,UG,1,2,2025-26,Waves and Optics,88.1,A+,62.5,Pass,56.3,31.8
2548031,Physics,PMa,B.Sc. Physics & Mathematics,UG,1,2,2025-26,Waves and Optics,56.3,B,63.8,Pass,56.3,0
2548032,Physics,PMa,B.Sc. Physics & Mathematics,UG,1,2,2025-26,Waves and Optics,66.5,B+,93,Pass,56.3,10.2
2548033,Physics,PMa,B.Sc. Physics & Mathematics,UG,1,2,2025-26,Waves and Optics,50.2,B,69.6,Pass,56.3,-6.1
2548034,Physics,PMa,B.Sc. Physics & Mathematics,UG,1,2,2025-26,Waves and Optics,60.3,B+,69,Pass,56.3,4
2548035,Physics,PMa,B.Sc. Physics & Mathematics,UG,1,2,2025-26,Waves and Optics,67.7,B+,61.6,Pass,56.3,11.4
2548036,Physics,PMa,B.Sc. Physics & Mathematics,UG,1,2,2025-26,Waves and Optics,68.5,B+,77.5,Pass,56.3,12.2
2548037,Physics,PMa,B.Sc. Physics & Mathematics,UG,1,2,2025-26,Waves and Optics,22.9,F,65.5,Fail,56.3,-33.4
2548038,Physics,PMa,B.Sc. Physics & Mathematics,UG,1,2,2025-26,Waves and Optics,54.9,B,72.2,Pass,56.3,-1.4
2548039,Physics,PMa,B.Sc. Physics & Mathematics,UG,1,2,2025-26,Waves and Optics,92.8,O,66.4,Pass,56.3,36.5
2548040,Physics,PMa,B.Sc. Physics & Mathematics,UG,1,2,2025-26,Waves and Optics,77.5,A,76.2,Pass,56.3,21.2
2548041,Physics,PMa,B.Sc. Physics & Mathematics,UG,1,2,2025-26,Waves and Optics,28.2,F,76.5,Fail,56.3,-28.1
2548042,Physics,PMa,B.Sc. Physics & Mathematics,UG,1,2,2025-26,Waves and Optics,47.3,C,63.5,Pass,56.3,-9
2548043,Physics,PMa,B.Sc. Physics & Mathematics,UG,1,2,2025-26,Waves and Optics,92.1,O,79.1,Pass,56.3,35.8
2548044,Physics,PMa,B.Sc. Physics & Mathematics,UG,1,2,2025-26,Waves and Optics,81.4,A+,75.1,Pass,56.3,25.1
2548045,Physics,PMa,B.Sc. Physics & Mathematics,UG,1,2,2025-26,Waves and Optics,54.1,B,92.3,Pass,56.3,-2.2
2548046,Physics,PMa,B.Sc. Physics & Mathematics,UG,1,2,2025-26,Waves and Optics,36,F,95,Fail,56.3,-20.3
2548047,Physics,PMa,B.Sc. Physics & Mathematics,UG,1,2,2025-26,Waves and Optics,58.4,B,71.9,Pass,56.3,2.1
2548048,Physics,PMa,B.Sc. Physics & Mathematics,UG,1,2,2025-26,Waves and Optics,40.2,C,79.1,Pass,56.3,-16.1
2548049,Physics,PMa,B.Sc. Physics & Mathematics,UG,1,2,2025-26,Waves and Optics,33.6,F,76.8,Fail,56.3,-22.7
2548050,Physics,PMa,B.Sc. Physics & Mathematics,UG,1,2,2025-26,Waves and Optics,86.3,A+,62.1,Pass,56.3,30
2548051,Physics,PMa,B.Sc. Physics & Mathematics,UG,1,2,2025-26,Waves and Optics,39.2,F,67.6,Fail,56.3,-17.1
2548052,Physics,PMa,B.Sc. Physics & Mathematics,UG,1,2,2025-26,Waves and Optics,37.8,F,89.5,Fail,56.3,-18.5
2548053,Physics,PMa,B.Sc. Physics & Mathematics,UG,1,2,2025-26,Waves and Optics,39,F,70.3,Fail,56.3,-17.3
2548054,Physics,PMa,B.Sc. Physics & Mathematics,UG,1,2,2025-26,Waves and Optics,52.5,B,66.6,Pass,56.3,-3.8
2548055,Physics,PMa,B.Sc. Physics & Mathematics,UG,1,2,2025-26,Waves and Optics,82.2,A+,94.4,Pass,56.3,25.9
2548056,Physics,PMa,B.Sc. Physics & Mathematics,UG,1,2,2025-26,Waves and Optics,31.3,F,74,Fail,56.3,-25
2548057,Physics,PMa,B.Sc. Physics & Mathematics,UG,1,2,2025-26,Waves and Optics,38.2,F,98.4,Fail,56.3,-18.1
2548058,Physics,PMa,B.Sc. Physics & Mathematics,UG,1,2,2025-26,Waves and Optics,52.1,B,94.9,Pass,56.3,-4.2
2548059,Physics,PMa,B.Sc. Physics & Mathematics,UG,1,2,2025-26,Waves and Optics,37.2,F,82.8,Fail,56.3,-19.1
2548060,Physics,PMa,B.Sc. Physics & Mathematics,UG,1,2,2025-26,Waves and Optics,30.5,F,63.7,Fail,56.3,-25.8
,,,,,,,,,,,,,,
,,,,,,,,,,,,,,
,,,,,,,,,,,,,,
,,,,,,,,,,,,,,
,,,,,,,,,,,,,,
,,,,,,,,,,,,,,
,,,,,,,,,,,,,,
,,,,,,,,,,,,,,
,,,,,,,,,,,,,,
,,,,,,,,,,,,,,
,,,,,,,,,,,,,,
,,,,,,,,,,,,,,
,,,,,,,,,,,,,,
,,,,,,,,,,,,,,
,,,,,,,,,,,,,,
,,,,,,,,,,,,,,
,,,,,,,,,,,,,,
,,,,,,,,,,,,,,
,,,,,,,,,,,,,,
,,,,,,,,,,,,,,
,,,,,,,,,,,,,,
